name,taxon_id,ancestry
Acantholeberidae,1068393,48460/1/47120/85493/60395/1134694/68305/774762
Acanthopteroctetidae,453156,48460/1/47120/372739/47158/184884/47157/453155
Acanthosomatidae,51159,48460/1/47120/372739/47158/184884/47744/61267/372868/47743
Acaridae,245045,48460/1/47120/245097/47119/52788/129763/81508/332183/1227296/152845/1255718/1466255
Acartiidae,195129,48460/1/47120/85493/473790/1091452/121643/774777/774778/85507
Acartophthalmidae,510086,48460/1/47120/372739/47158/184884/47822/48091/372853/48089/48088/361261
Acerentomidae,371092,48460/1/47120/372739/243773/83242/1397966
Acherontacaridae,982540,48460/1/47120/245097/47119/52788/129763/83740/490738/495534/635852
Achilidae,174056,48460/1/47120/372739/47158/184884/47744/125816/372860/52073
Achipteridae,372930,48460/1/47120/245097/47119/52788/129763/81508/332183/1227296/1227488/858146
Aclerdidae,715480,48460/1/47120/372739/47158/184884/47744/334037/60922
Acrididae,47649,48460/1/47120/372739/47158/184884/47651/67688/700600/47650
Acroceridae,176389,48460/1/47120/372739/47158/184884/47822/48091/372865/781661
Adamystidae,246196,48460/1/47120/245097/47119/52788/129763/83740/55597/635811/635934
Adelgidae,61515,48460/1/47120/372739/47158/184884/47744/334037/901813/61514
Adelidae,51270,48460/1/47120/372739/47158/184884/47157/51269
Aderidae,172767,48460/1/47120/372739/47158/184884/47208/71130/372852/47593
Adiheterothripidae,981070,48460/1/47120/372739/47158/184884/83201
Aeolothripidae,245155,48460/1/47120/372739/47158/184884/83201/372872/1377478
Aeshnidae,51469,48460/1/47120/372739/47158/184884/47792/47927/1317180
Agaonidae,121523,48460/1/47120/372739/47158/184884/47201/124417/981280/69750
Agelenidae,47345,48460/1/47120/245097/47119/47118/120474/342614/367159
Agnaridae,813910,48460/1/47120/85493/473790/47187/774775/144114/48147/84718/343783/343798
Agromyzidae,48086,48460/1/47120/372739/47158/184884/47822/48091/372853/48089/48088/48087
Agyrtidae,176882,48460/1/47120/372739/47158/184884/47208/71130/372870/48311
Alexiidae,491921,48460/1/47120/372739/47158/184884/47208/71130/372852/471714
Aleyrodidae,154784,48460/1/47120/372739/47158/184884/47744/334037/154786
Alloptidae,245046,48460/1/47120/245097/47119/52788/129763/81508/332183/1227296/152845/1466413/1466256
Alucitidae,48148,48460/1/47120/372739/47158/184884/47157/48149
Alycidae,485123,48460/1/47120/245097/47119/52788/129763/81508/635987/1109613
Alydidae,62059,48460/1/47120/372739/47158/184884/47744/61267/372868/51776
Amaurobiidae,49550,48460/1/47120/245097/47119/47118/120474/342614/765794
Ameiridae,85573,48460/1/47120/85493/473790/1091452/121643/774777/774779/85521
Ameletidae,173248,48460/1/47120/372739/47158/184884/48011
Amelidae,1097048,48460/1/47120/372739/47158/184884/48112/1097011/1097013/1097030
Ametropodidae,173247,48460/1/47120/372739/47158/184884/48011
Amorphoscelidae,55129,48460/1/47120/372739/47158/184884/48112/1097011/1097013/1097014
Amphipsocidae,245134,48460/1/47120/372739/47158/184884/83187/144300/480277
Ampulicidae,186860,48460/1/47120/372739/47158/184884/47201/124417/326777/47222
Analgidae,245049,48460/1/47120/245097/47119/52788/129763/81508/332183/1227296/152845/1466413/1466256
Anamorphidae,506547,48460/1/47120/372739/47158/184884/47208/71130/372852/471714
Andrenidae,57668,48460/1/47120/372739/47158/184884/47201/124417/326777/47222/630955
Anisolabididae,245158,48460/1/47120/372739/47158/184884/47793/713334/713335/949883/713340
Anisopodidae,245529,48460/1/47120/372739/47158/184884/47822/154259/489328
Anthicidae,85586,48460/1/47120/372739/47158/184884/47208/71130/372852/47593
Anthocoridae,174592,48460/1/47120/372739/47158/184884/47744/61267/372850/53668
Anthomyiidae,49996,48460/1/47120/372739/47158/184884/47822/48091/372853/48089/342767/54992
Anthomyzidae,329767,48460/1/47120/372739/47158/184884/47822/48091/372853/48089/48088/48087
Anthribidae,172909,48460/1/47120/372739/47158/184884/47208/71130/372852/60473
Anthroleucosomatidae,171527,48460/1/47120/144128/47735/551278/372763/997267/551280/50425/986465/986471
Anyphaenidae,83722,48460/1/47120/245097/47119/47118/120474/342614
Anystidae,245050,48460/1/47120/245097/47119/52788/129763/83740/55597/635811/625766
Apataniidae,173235,48460/1/47120/372739/47158/184884/62164/372875/81972
Aphalaridae,446767,48460/1/47120/372739/47158/184884/47744/334037/48195
Aphelacaridae,245053,48460/1/47120/245097/47119/52788/129763/81508/332183/1227489/245054
Aphelinidae,201669,48460/1/47120/372739/47158/184884/47201/124417/981280/69750
Aphelocheiridae,360948,48460/1/47120/372739/47158/184884/47744/61267/116696/342776
Aphididae,52381,48460/1/47120/372739/47158/184884/47744/334037/901813/52380
Aphrophoridae,56195,48460/1/47120/372739/47158/184884/47744/125816/372849/56194
Apidae,47221,48460/1/47120/372739/47158/184884/47201/124417/326777/47222/630955
Apionacaridae,982232,48460/1/47120/245097/47119/52788/129763/81508/332183/1227296/152845/1466413/1466256
Aradidae,61254,48460/1/47120/372739/47158/184884/47744/61267/372868/61255
Araneidae,47535,48460/1/47120/245097/47119/47118/120474/342614/319384
Argasidae,123675,48460/1/47120/245097/47119/52788/129762/51672
Argidae,82227,48460/1/47120/372739/47158/184884/47201/84643/49452
Argulidae,144120,48460/1/47120/85493/473792/473793/372778/144119/1066672
Argyresthiidae,85600,48460/1/47120/372739/47158/184884/47157/53552
Armadillidae,85603,48460/1/47120/85493/473790/47187/774775/144114/48147/84718/343783/343798
Armadillidiidae,48296,48460/1/47120/85493/473790/47187/774775/144114/48147/84718/343783/343798
Arrenuridae,121464,48460/1/47120/245097/47119/52788/129763/83740/490738/495534/495535
Arrhopalitidae,171235,48460/1/47120/372739/243773/49470/152965/171234
Artemiidae,85605,48460/1/47120/85493/60395/495841/119123/1068364
Artheneidae,372918,48460/1/47120/372739/47158/184884/47744/61267/372868/466233
Arthropleidae,173185,48460/1/47120/372739/47158/184884/48011/154639
Asellidae,85607,48460/1/47120/85493/473790/47187/774775/144114/48147/343772/813869
Asilidae,47982,48460/1/47120/372739/47158/184884/47822/48091/372865/354603
Astacidae,53709,48460/1/47120/85493/473790/47187/774775/144113/47186/118451/311310/47783
Asteiidae,173269,48460/1/47120/372739/47158/184884/47822/48091/372853/48089/48088/48087
Asterolecaniidae,321513,48460/1/47120/372739/47158/184884/47744/334037/60922
Atelestidae,558000,48460/1/47120/372739/47158/184884/47822/48091/372865/318504
Atemnidae,432754,48460/1/47120/245097/47119/172373/372876/928847/928851/172435
Athericidae,154586,48460/1/47120/372739/47158/184884/47822/48091/372865/342679
Attelabidae,60474,48460/1/47120/372739/47158/184884/47208/71130/372852/60473
Aturidae,245038,48460/1/47120/245097/47119/52788/129763/83740/490738/495534/495539
Atyidae,85614,48460/1/47120/85493/473790/47187/774775/144113/47186/118451/342912/342921
Atypidae,61443,48460/1/47120/245097/47119/47118/84719/367198
Aulacidae,145378,48460/1/47120/372739/47158/184884/47201/124417/145377
Aulacigastridae,371084,48460/1/47120/372739/47158/184884/47822/48091/372853/48089/48088/48087
Autognetidae,245059,48460/1/47120/245097/47119/52788/129763/81508/332183/1227296/1227488/245062
Autostichidae,210585,48460/1/47120/372739/47158/184884/47157/55518
Avenzoariidae,373218,48460/1/47120/245097/47119/52788/129763/81508/332183/1227296/152845/1466413/1466256
Axonopsidae,245006,48460/1/47120/245097/47119/52788/129763/83740/490738/495534/495539
Azotidae,373317,48460/1/47120/372739/47158/184884/47201/124417/981280/69750
Bacillidae,337090,48460/1/47120/372739/47158/184884/47198/569714/569717/180409
Baetidae,48009,48460/1/47120/372739/47158/184884/48011
Bathynellidae,483938,48460/1/47120/85493/473790/47187/774775/144123/153113
Bathytropidae,339121,48460/1/47120/85493/473790/47187/774775/144114/48147/84718/343783/343798
Batrachedridae,173417,48460/1/47120/372739/47158/184884/47157/55518
Bdellidae,120955,48460/1/47120/245097/47119/52788/129763/83740/55597/635809/245051
Bedelliidae,173416,48460/1/47120/372739/47158/184884/47157/53552
Belisariidae,1286465,48460/1/47120/245097/47119/48894/1323567/1323568/1323570/130035
Beraeidae,173415,48460/1/47120/372739/47158/184884/62164/372875/121942
Berothidae,177315,48460/1/47120/372739/47158/184884/48763/483236
Berytidae,57804,48460/1/47120/372739/47158/184884/47744/61267/372868/466233
Bethylidae,203283,48460/1/47120/372739/47158/184884/47201/124417/326777/203212
Bibionidae,56097,48460/1/47120/372739/47158/184884/47822/154259/489328
Biphyllidae,173920,48460/1/47120/372739/47158/184884/47208/71130/372852/55050
Bittacidae,49363,48460/1/47120/372739/47158/184884/49369
Blaniulidae,133832,48460/1/47120/144128/47735/551278/372763/997267/372724/82535/997341
Blasticotomidae,856577,48460/1/47120/372739/47158/184884/47201/84643/49452
Blastobasidae,173093,48460/1/47120/372739/47158/184884/47157/55518
Blattellidae,1425419,48460/1/47120/372739/47158/184884/81769/81770
Blattidae,82232,48460/1/47120/372739/47158/184884/81769/129743/709252
Blephariceridae,49361,48460/1/47120/372739/47158/184884/47822/154259/774833
Blissidae,489050,48460/1/47120/372739/47158/184884/47744/61267/372868/466233
Bogidiellidae,85640,48460/1/47120/85493/473790/47187/774775/144114/47628/869842/983321/983322/983314
Bolitophilidae,557992,48460/1/47120/372739/47158/184884/47822/154259/489328/493389
Bombyliidae,51558,48460/1/47120/372739/47158/184884/47822/48091/372865/354603
Boreidae,173350,48460/1/47120/372739/47158/184884/49369
Bosminidae,171264,48460/1/47120/85493/60395/1134694/68305/774762
Bostrichidae,47625,48460/1/47120/372739/47158/184884/47208/71130/372844/47496
Bothrideridae,173345,48460/1/47120/372739/47158/184884/47208/71130/372852/471714
Bourletiellidae,179535,48460/1/47120/372739/243773/49470/152965/171630
Brachodidae,123028,48460/1/47120/372739/47158/184884/47157/122746
Brachycentridae,172761,48460/1/47120/372739/47158/184884/62164/372875/81972
Brachychaeteumatidae,336958,48460/1/47120/144128/47735/551278/372763/997267/551280/50425/986465/986475
Brachychthoniidae,245058,48460/1/47120/245097/47119/52788/129763/81508/332183/888610/245063
Brachypauropodidae,372963,48460/1/47120/144128/83243/153129
Brachystomatidae,464956,48460/1/47120/372739/47158/184884/47822/48091/372865/318504
Brachystomellidae,205710,48460/1/47120/372739/243773/49470/129730/83890
Braconidae,63187,48460/1/47120/372739/47158/184884/47201/124417/47200
Brahmaeidae,179915,48460/1/47120/372739/47158/184884/47157/47214
Branchipodidae,85646,48460/1/47120/85493/60395/495841/119123/1068362
Braulidae,56882,48460/1/47120/372739/47158/184884/47822/48091/372853/48089/48088/361261
Brentidae,61949,48460/1/47120/372739/47158/184884/47208/71130/372852/60473
Bucculatricidae,173305,48460/1/47120/372739/47158/184884/47157/61352
Buemarinoidae,1150517,48460/1/47120/245097/47119/47367/202277/526083/526085
Buprestidae,54964,48460/1/47120/372739/47158/184884/47208/71130/372854/54965
Buthidae,119058,48460/1/47120/245097/47119/48894/1323567/1323568/1323569/119057
Byrrhidae,130840,48460/1/47120/372739/47158/184884/47208/71130/372854/130839
Byturidae,130844,48460/1/47120/372739/47158/184884/47208/71130/372852/55050
Caeciliusidae,245105,48460/1/47120/372739/47158/184884/83187/144300/480277
Caeculidae,245057,48460/1/47120/245097/47119/52788/129763/83740/55597/635811/635935
Caenidae,173246,48460/1/47120/372739/47158/184884/48011/173245
Calamoceratidae,173239,48460/1/47120/372739/47158/184884/62164/372875/173238
Caliscelidae,173236,48460/1/47120/372739/47158/184884/47744/125816/372860/52073
Calliphoridae,61860,48460/1/47120/372739/47158/184884/47822/48091/372853/48089/342767/356157
Callipodidae,919443,48460/1/47120/144128/47735/551278/372763/997267/551280/153143/999085
Calophyidae,326724,48460/1/47120/372739/47158/184884/47744/334037/48195
Calopterygidae,47929,48460/1/47120/372739/47158/184884/47792/47928/1317181
Camillidae,510152,48460/1/47120/372739/47158/184884/47822/48091/372853/48089/48088/555548
Camisiidae,245068,48460/1/47120/245097/47119/52788/129763/81508/332183/1227296/1465863/245076
Campichoetidae,981207,48460/1/47120/372739/47158/184884/47822/48091/372853/48089/48088/555548
Campodeidae,56214,48460/1/47120/372739/243773/56215/152967/1001364
Canacidae,203411,48460/1/47120/372739/47158/184884/47822/48091/372853/48089/48088/361261
Candonidae,85655,48460/1/47120/85493/473792/68764/774780/85538/1066627/996554
Canestriniidae,246200,48460/1/47120/245097/47119/52788/129763/81508/332183/1227296/152845/1255718/1466257
Cantharidae,52932,48460/1/47120/372739/47158/184884/47208/71130/372854/47207
Canthocamptidae,85656,48460/1/47120/85493/473790/1091452/121643/774777/774779/85521
Capniidae,172900,48460/1/47120/372739/47158/184884/47504/372838/570126/148186
Carabidae,49567,48460/1/47120/372739/47158/184884/47208/340471/372884
Carabodidae,245066,48460/1/47120/245097/47119/52788/129763/81508/332183/1227296/1227488/245070
Carnidae,329801,48460/1/47120/372739/47158/184884/47822/48091/372853/48089/48088/361261
Cecidomyiidae,55699,48460/1/47120/372739/47158/184884/47822/154259/489328/493389
Cephidae,143247,48460/1/47120/372739/47158/184884/47201/84643/143246
Cerambycidae,47961,48460/1/47120/372739/47158/184884/47208/71130/372852/963992
Ceratocombidae,372971,48460/1/47120/372739/47158/184884/47744/61267/372839/174254
Ceratophyllidae,245153,48460/1/47120/372739/47158/184884/83204/245120
Ceratopogonidae,69803,48460/1/47120/372739/47158/184884/47822/154259/153429/509764
Ceratozetidae,245064,48460/1/47120/245097/47119/52788/129763/81508/332183/1227296/1227488/245069
Cercopagididae,171272,48460/1/47120/85493/60395/1134694/68305/774765
Cercopidae,61863,48460/1/47120/372739/47158/184884/47744/125816/372849/56194
Cerocephalidae,1426982,48460/1/47120/372739/47158/184884/47201/124417/981280/69750
Cerococcidae,372972,48460/1/47120/372739/47158/184884/47744/334037/60922
Cerophytidae,47887,48460/1/47120/372739/47158/184884/47208/71130/372854/47207
Cerylonidae,174498,48460/1/47120/372739/47158/184884/47208/71130/372852/471714
Chaetodactylidae,429826,48460/1/47120/245097/47119/52788/129763/81508/332183/1227296/152845/1255718/1254682
Chalcididae,121516,48460/1/47120/372739/47158/184884/47201/124417/981280/69750
Chamaemyiidae,203272,48460/1/47120/372739/47158/184884/47822/48091/372853/48089/48088/774561
Chaoboridae,129901,48460/1/47120/372739/47158/184884/47822/154259/153429/513826
Cheiracanthiidae,808367,48460/1/47120/245097/47119/47118/120474/342614/367165
Cheiridiidae,172467,48460/1/47120/245097/47119/172373/372876/928847/928851/172465
Cheliferidae,245019,48460/1/47120/245097/47119/172373/372876/928847/928851/172435
Chernetidae,172612,48460/1/47120/245097/47119/172373/372876/928847/928851/172435
Chirocephalidae,85684,48460/1/47120/85493/60395/495841/119123/1068362
Chirodiscidae,245072,48460/1/47120/245097/47119/52788/129763/81508/332183/1227296/152845/1466413/1466263
Chironomidae,53275,48460/1/47120/372739/47158/184884/47822/154259/153429/509764
Chirothripidae,1377520,48460/1/47120/372739/47158/184884/83201/372872/1377518
Chloroperlidae,85690,48460/1/47120/372739/47158/184884/47504/372838/570128/123941
Chloropidae,127593,48460/1/47120/372739/47158/184884/47822/48091/372853/48089/48088/361261
Chordeumatidae,336973,48460/1/47120/144128/47735/551278/372763/997267/551280/50425/986477/986478
Choreutidae,67432,48460/1/47120/372739/47158/184884/47157/67431
Chrysididae,126149,48460/1/47120/372739/47158/184884/47201/124417/326777/203212
Chrysolampidae,1349202,48460/1/47120/372739/47158/184884/47201/124417/981280/69750
Chrysomelidae,51146,48460/1/47120/372739/47158/184884/47208/71130/372852/176269
Chrysopidae,52425,48460/1/47120/372739/47158/184884/48763/483236
Chthoniidae,172429,48460/1/47120/245097/47119/172373/372858/172427
Chydoridae,85693,48460/1/47120/85493/60395/1134694/68305/774762
Chyromyidae,329822,48460/1/47120/372739/47158/184884/47822/48091/372853/48089/48088/774570
Cicadellidae,53237,48460/1/47120/372739/47158/184884/47744/125816/372849/49025
Cicadidae,50186,48460/1/47120/372739/47158/184884/47744/125816/372849/50190
Ciidae,82343,48460/1/47120/372739/47158/184884/47208/71130/372852/47593
Cimbicidae,53844,48460/1/47120/372739/47158/184884/47201/84643/49452
Cimeliidae,319909,48460/1/47120/372739/47158/184884/47157/84429
Cimicidae,53667,48460/1/47120/372739/47158/184884/47744/61267/372850/53668
Cirolanidae,55803,48460/1/47120/85493/473790/47187/774775/144114/48147/343773/343788
Cixiidae,84074,48460/1/47120/372739/47158/184884/47744/125816/372860/1473811
Cladonychiidae,172615,48460/1/47120/245097/47119/47367/202277/526083/526084
Clambidae,174593,48460/1/47120/372739/47158/184884/47208/71130/372854/47596
Cleonymidae,1426984,48460/1/47120/372739/47158/184884/47201/124417/981280/69750
Cleridae,55051,48460/1/47120/372739/47158/184884/47208/71130/372852/55050
Clubionidae,121773,48460/1/47120/245097/47119/47118/120474/342614
Clusiidae,157184,48460/1/47120/372739/47158/184884/47822/48091/372853/48089/48088/48087
Cocceupodidae,570831,48460/1/47120/245097/47119/52788/129763/83740/55597/635809/520455
Coccidae,49456,48460/1/47120/372739/47158/184884/47744/334037/60922
Coccinellidae,48486,48460/1/47120/372739/47158/184884/47208/71130/372852/471714
Coelopidae,194033,48460/1/47120/372739/47158/184884/47822/48091/372853/48089/48088/70139
Coenagrionidae,47925,48460/1/47120/372739/47158/184884/47792/47928/426081
Coleophoridae,85704,48460/1/47120/372739/47158/184884/47157/55518
Colletidae,127740,48460/1/47120/372739/47158/184884/47201/124417/326777/47222/630955
Coniopterygidae,245154,48460/1/47120/372739/47158/184884/48763/483236
Conopidae,61893,48460/1/47120/372739/47158/184884/47822/48091/372853/48089/48088/70139
Cordulegastridae,57448,48460/1/47120/372739/47158/184884/47792/47927/1317177
Corduliidae,61430,48460/1/47120/372739/47158/184884/47792/47927/1317176
Coreidae,51777,48460/1/47120/372739/47158/184884/47744/61267/372868/51776
Corinnidae,47418,48460/1/47120/245097/47119/47118/120474/342614/367165
Corixidae,84735,48460/1/47120/372739/47158/184884/47744/61267/116696/84736
Corylophidae,174370,48460/1/47120/372739/47158/184884/47208/71130/372852/471714
Cosmochthoniidae,245079,48460/1/47120/245097/47119/52788/129763/81508/332183/888610/245080
Cosmopterigidae,82340,48460/1/47120/372739/47158/184884/47157/55518
Cossidae,122745,48460/1/47120/372739/47158/184884/47157/122746
Crabronidae,51955,48460/1/47120/372739/47158/184884/47201/124417/326777/47222
Crambidae,52002,48460/1/47120/372739/47158/184884/47157/49682
Crangonyctidae,85711,48460/1/47120/85493/473790/47187/774775/144114/47628/869842/885340/885341/885338
Craspedosomatidae,50426,48460/1/47120/144128/47735/551278/372763/997267/551280/50425/986465/986474
Crinopterygidae,752431,48460/1/47120/372739/47158/184884/47157/51269
Cryptophagidae,174139,48460/1/47120/372739/47158/184884/47208/71130/372852/48485
Cryptopidae,154635,48460/1/47120/144128/49556/53763
Ctenizidae,57327,48460/1/47120/245097/47119/47118/84719/1467321
Ctenophthalmidae,245151,48460/1/47120/372739/47158/184884/83204
Cucujidae,85716,48460/1/47120/372739/47158/184884/47208/71130/372852/48485
Culicidae,52134,48460/1/47120/372739/47158/184884/47822/154259/153429/513826
Curculionidae,48736,48460/1/47120/372739/47158/184884/47208/71130/372852/60473
Curtonotidae,174137,48460/1/47120/372739/47158/184884/47822/48091/372853/48089/48088/555548
Cybaeidae,52950,48460/1/47120/245097/47119/47118/120474/342614/367162
Cybocephalidae,373331,48460/1/47120/372739/47158/184884/47208/71130/372852/48485
Cyclopidae,85718,48460/1/47120/85493/473790/1091452/121643/774777/774779/85514/1066595
Cydnidae,57843,48460/1/47120/372739/47158/184884/47744/61267/372868/47743
Cylindrotomidae,60419,48460/1/47120/372739/47158/184884/47822/154259/179916/51226
Cylisticidae,130171,48460/1/47120/85493/473790/47187/774775/144114/48147/84718/343783/343798
Cymidae,373002,48460/1/47120/372739/47158/184884/47744/61267/372868/466233
Cynipidae,55594,48460/1/47120/372739/47158/184884/47201/124417/981280/55593
Cyphoderidae,245389,48460/1/47120/372739/243773/49470/83224/132309
Cyprididae,85722,48460/1/47120/85493/473792/68764/774780/85538/1066627/996554
Cypselosomatidae,558005,48460/1/47120/372739/47158/184884/47822/48091/372853/48089/48088/603713
Cyrnosomatidae,1205855,48460/1/47120/144128/47735/551278/372763/997267/551280/50425/986465/986469
Cytherideidae,330864,48460/1/47120/85493/473792/68764/774780/85538/1001351/171230
Cyzicidae,68306,48460/1/47120/85493/60395/1134694/68305/774759
Dactylopiidae,202092,48460/1/47120/372739/47158/184884/47744/334037/60922
Damaeidae,172485,48460/1/47120/245097/47119/52788/129763/81508/332183/1227296/1227488/172484
Daphniidae,85726,48460/1/47120/85493/60395/1134694/68305/774762
Darwinulidae,245953,48460/1/47120/85493/473792/68764/774780/85538/1068382/245952
Dascillidae,128710,48460/1/47120/372739/47158/184884/47208/71130/372854/128709
Delphacidae,123608,48460/1/47120/372739/47158/184884/47744/125816/372860/1473811
Dendrothripidae,1377491,48460/1/47120/372739/47158/184884/83201/372872/1377490
Depressariidae,423543,48460/1/47120/372739/47158/184884/47157/55518
Derbidae,132158,48460/1/47120/372739/47158/184884/47744/125816/372860/52073
Dermanyssidae,245182,48460/1/47120/245097/47119/52788/129762/52790/907177/936184/1270556/194694
Dermationidae,982233,48460/1/47120/245097/47119/52788/129763/81508/332183/1227296/152845/1466413/1466256
Dermestidae,81951,48460/1/47120/372739/47158/184884/47208/71130/372844/47496
Dermoglyphidae,245276,48460/1/47120/245097/47119/52788/129763/81508/332183/1227296/152845/1466413/1466256
Detonidae,339098,48460/1/47120/85493/473790/47187/774775/144114/48147/84718/343783/343798
Diadocidiidae,354856,48460/1/47120/372739/47158/184884/47822/154259/489328/493389
Diapheromeridae,47320,48460/1/47120/372739/47158/184884/47198/569714/569716
Diapriidae,203213,48460/1/47120/372739/47158/184884/47201/124417/981280/480797
Diaptomidae,85732,48460/1/47120/85493/473790/1091452/121643/774777/774778/85507
Diaspididae,48093,48460/1/47120/372739/47158/184884/47744/334037/60922
Diastatidae,541547,48460/1/47120/372739/47158/184884/47822/48091/372853/48089/48088/555548
Dicranolasmatidae,525956,48460/1/47120/245097/47119/47367/526560/354553
Dictynidae,84523,48460/1/47120/245097/47119/47118/120474/342614/367162
Dictyopharidae,53509,48460/1/47120/372739/47158/184884/47744/125816/372860/52073
Dicyrtomidae,55168,48460/1/47120/372739/243773/49470/152965/548119
Dilaridae,176873,48460/1/47120/372739/47158/184884/48763/483236
Diparidae,1426986,48460/1/47120/372739/47158/184884/47201/124417/981280/69750
Diplolepididae,1501094,48460/1/47120/372739/47158/184884/47201/124417/981280/55593
Diprionidae,49453,48460/1/47120/372739/47158/184884/47201/84643/49452
Dipsocoridae,343550,48460/1/47120/372739/47158/184884/47744/61267/372839/174254
Ditomyiidae,245527,48460/1/47120/372739/47158/184884/47822/154259/489328/493389
Dixidae,245356,48460/1/47120/372739/47158/184884/47822/154259/153429/513826
Dolichopodidae,68020,48460/1/47120/372739/47158/184884/47822/48091/372865/318504
Douglasiidae,178892,48460/1/47120/372739/47158/184884/47157/1427754
Drepanidae,84430,48460/1/47120/372739/47158/184884/47157/84429
Drosophilidae,67742,48460/1/47120/372739/47158/184884/47822/48091/372853/48089/48088/555548
Dryadaulidae,531706,48460/1/47120/372739/47158/184884/47157/61414
Dryinidae,203211,48460/1/47120/372739/47158/184884/47201/124417/326777/203212
Dryomyzidae,345446,48460/1/47120/372739/47158/184884/47822/48091/372853/48089/48088/70139
Dryopidae,178026,48460/1/47120/372739/47158/184884/47208/71130/372854/130839
Dysderidae,69200,48460/1/47120/245097/47119/47118/120474/367158/367170
Dytiscidae,57659,48460/1/47120/372739/47158/184884/47208/340471/574051
Echinophthiriidae,330603,48460/1/47120/372739/47158/184884/83187/372873/714496/152843/85502
Ecnomidae,83730,48460/1/47120/372739/47158/184884/62164/372846/62165
Ectinosomatidae,195073,48460/1/47120/85493/473790/1091452/121643/774777/774779/85521
Ectobiidae,461451,48460/1/47120/372739/47158/184884/81769/81770
Ectopsocidae,245131,48460/1/47120/372739/47158/184884/83187/144300/451715
Elachistidae,81988,48460/1/47120/372739/47158/184884/47157/55518
Elateridae,53248,48460/1/47120/372739/47158/184884/47208/71130/372854/47207
Elenchidae,372987,48460/1/47120/372739/47158/184884/83202/902761
Elipsocidae,141764,48460/1/47120/372739/47158/184884/83187/144300/451715
Elmidae,85753,48460/1/47120/372739/47158/184884/47208/71130/372854/130839
Embiidae,245142,48460/1/47120/372739/47158/184884/56834/1041771/1041775
Embolemidae,244995,48460/1/47120/372739/47158/184884/47201/124417/326777/203212
Empididae,49460,48460/1/47120/372739/47158/184884/47822/48091/372865/318504
Empusidae,51924,48460/1/47120/372739/47158/184884/48112/1097011/1097013/1097017
Encyrtidae,69778,48460/1/47120/372739/47158/184884/47201/124417/981280/69750
Endomychidae,173237,48460/1/47120/372739/47158/184884/47208/71130/372852/471714
Endromidae,124755,48460/1/47120/372739/47158/184884/47157/47214
Eniochthoniidae,567212,48460/1/47120/245097/47119/52788/129763/81508/332183/888610/245277
Entomobryidae,132310,48460/1/47120/372739/243773/49470/83224/132309
Eosentomidae,245392,48460/1/47120/372739/243773/83242/1397965
Epermeniidae,173638,48460/1/47120/372739/47158/184884/47157/173636
Ephemerellidae,48010,48460/1/47120/372739/47158/184884/48011/48013
Ephemeridae,48008,48460/1/47120/372739/47158/184884/48011/48012
Ephydridae,84670,48460/1/47120/372739/47158/184884/47822/48091/372853/48089/48088/555548
Epidermoptidae,329216,48460/1/47120/245097/47119/52788/129763/81508/332183/1227296/152845/1466413/1466256
Epipsocidae,245143,48460/1/47120/372739/47158/184884/83187/144300/480278
Erebidae,121850,48460/1/47120/372739/47158/184884/47157/47607
Eremiaphilidae,349368,48460/1/47120/372739/47158/184884/48112/1097011/1097013/1097030
Eresidae,62051,48460/1/47120/245097/47119/47118/120474/342614/367174
Ereynetidae,245271,48460/1/47120/245097/47119/52788/129763/83740/55597/635809/532010
Ergasilidae,339090,48460/1/47120/85493/473790/1091452/121643/774777/774779/85514/997010
Eriococcidae,48026,48460/1/47120/372739/47158/184884/47744/334037/60922
Eriocottidae,177611,48460/1/47120/372739/47158/184884/47157/61414
Eriocraniidae,173582,48460/1/47120/372739/47158/184884/47157/173581
Eriophyidae,55584,48460/1/47120/245097/47119/52788/129763/81508/635987/373225
Erotylidae,82103,48460/1/47120/372739/47158/184884/47208/71130/372852/48485
Erythracaridae,625770,48460/1/47120/245097/47119/52788/129763/83740/55597/635811/625766
Erythraeidae,121478,48460/1/47120/245097/47119/52788/129763/83740/490738/635761/504310
Eucharitidae,245001,48460/1/47120/372739/47158/184884/47201/124417/981280/69750
Eucinetidae,173492,48460/1/47120/372739/47158/184884/47208/71130/372854/47596
Eucnemidae,47886,48460/1/47120/372739/47158/184884/47208/71130/372854/47207
Eukoeneniidae,245034,48460/1/47120/245097/47119/129764/245047
Eulohmanniidae,982154,48460/1/47120/245097/47119/52788/129763/81508/332183/746595/1465938/982156
Eulophidae,85012,48460/1/47120/372739/47158/184884/47201/124417/981280/69750
Eunotidae,1426988,48460/1/47120/372739/47158/184884/47201/124417/981280/69750
Eupelmidae,176401,48460/1/47120/372739/47158/184884/47201/124417/981280/69750
Euphthiracaridae,245269,48460/1/47120/245097/47119/52788/129763/81508/332183/746595/1396469/245244
Eurycercidae,533837,48460/1/47120/85493/60395/1134694/68305/774762
Eurypauropodidae,373019,48460/1/47120/144128/83243/153129
Eurytomidae,69751,48460/1/47120/372739/47158/184884/47201/124417/981280/69750
Euscorpiidae,56545,48460/1/47120/245097/47119/48894/1323567/1323568/1323570/130035
Eustathiidae,918143,48460/1/47120/245097/47119/52788/129763/81508/332183/1227296/152845/1466413/1466262
Euteliidae,122126,48460/1/47120/372739/47158/184884/47157/47607
Eutrombidiidae,982544,48460/1/47120/245097/47119/52788/129763/83740/490738/635761/491889
Evaniidae,199595,48460/1/47120/372739/47158/184884/47201/124417/145377
Eviphididae,245177,48460/1/47120/245097/47119/52788/129762/52790/907177/936184/1270556/568362
Eylaidae,119951,48460/1/47120/245097/47119/52788/129763/83740/490738/495534/495536
Falculiferidae,245268,48460/1/47120/245097/47119/52788/129763/81508/332183/1227296/152845/1466413/1466262
Fanniidae,121214,48460/1/47120/372739/47158/184884/47822/48091/372853/48089/342767/54992
Figitidae,203209,48460/1/47120/372739/47158/184884/47201/124417/981280/55593
Filistatidae,49331,48460/1/47120/245097/47119/47118/120474/367158/367178
Flatidae,52074,48460/1/47120/372739/47158/184884/47744/125816/372860/52073
Forficulidae,49528,48460/1/47120/372739/47158/184884/47793/713334/713335/949881/713337
Formicidae,47336,48460/1/47120/372739/47158/184884/47201/124417/326777/1269340
Freyanidae,245267,48460/1/47120/245097/47119/52788/129763/81508/332183/1227296/152845/1466413/1466262
Gabuciniidae,982244,48460/1/47120/245097/47119/52788/129763/81508/332183/1227296/152845/1466413/1466262
Galliobatidae,982602,48460/1/47120/144128/47735/551278/372763/997267/372724/82535/997341
Galumnidae,172533,48460/1/47120/245097/47119/52788/129763/81508/332183/1227296/1227488/172532
Gammaridae,59806,48460/1/47120/85493/473790/47187/774775/144114/47628/869842/885340/885377/708355
Gasteruptiidae,244996,48460/1/47120/372739/47158/184884/47201/124417/145377
Gaudoglyphidae,982234,48460/1/47120/245097/47119/52788/129763/81508/332183/1227296/152845/1466413/1466256
Gelechiidae,55519,48460/1/47120/372739/47158/184884/47157/55518
Gelyellidae,473823,48460/1/47120/85493/473790/1091452/121643/774777/774779/473822
Geocoridae,146952,48460/1/47120/372739/47158/184884/47744/61267/372868/466233
Geogarypidae,432741,48460/1/47120/245097/47119/172373/372876/928847/928860/172482
Geometridae,49530,48460/1/47120/372739/47158/184884/47157/49531
Geophilidae,133161,48460/1/47120/144128/49556/67662
Georissidae,456677,48460/1/47120/372739/47158/184884/47208/71130/372870/127445
Geotrupidae,60539,48460/1/47120/372739/47158/184884/47208/71130/702480/48202
Gerridae,59653,48460/1/47120/372739/47158/184884/47744/61267/372861/59654
Glomeridae,56080,48460/1/47120/144128/47735/551278/372768/999505/56079/999510
Glossosomatidae,172831,48460/1/47120/372739/47158/184884/62164/372842/172830
Glyphipterigidae,173889,48460/1/47120/372739/47158/184884/47157/53552
Gnaphosidae,50168,48460/1/47120/245097/47119/47118/120474/342614/367173
Goeridae,148208,48460/1/47120/372739/47158/184884/62164/372875/81972
Gomphidae,51128,48460/1/47120/372739/47158/184884/47792/47927/1317178
Gracillariidae,61353,48460/1/47120/372739/47158/184884/47157/61352
Gryllidae,52884,48460/1/47120/372739/47158/184884/47651/132694/358855/50158
Gryllotalpidae,71220,48460/1/47120/372739/47158/184884/47651/132694/358855/523975
Gyrinidae,119971,48460/1/47120/372739/47158/184884/47208/340471
Haemogamasidae,245176,48460/1/47120/245097/47119/52788/129762/52790/907177/936184/1270556/194694
Hahniidae,153505,48460/1/47120/245097/47119/47118/120474/342614/367162
Halacaridae,245461,48460/1/47120/245097/47119/52788/129763/83740/55597/635809/496620
Halictidae,49707,48460/1/47120/372739/47158/184884/47201/124417/326777/47222/630955
Halictophagidae,371093,48460/1/47120/372739/47158/184884/83202/902761
Haliplidae,173193,48460/1/47120/372739/47158/184884/47208/340471
Halophilosciidae,469880,48460/1/47120/85493/473790/47187/774775/144114/48147/84718/343783/343798
Hebridae,178192,48460/1/47120/372739/47158/184884/47744/61267/372861/178191
Helcomyzidae,373033,48460/1/47120/372739/47158/184884/47822/48091/372853/48089/48088/70139
Heleomyzidae,154606,48460/1/47120/372739/47158/184884/47822/48091/372853/48089/48088/774570
Heliodinidae,82516,48460/1/47120/372739/47158/184884/47157/53552
Heliozelidae,126380,48460/1/47120/372739/47158/184884/47157/51269
Helophoridae,1156101,48460/1/47120/372739/47158/184884/47208/71130/372870/127445
Heloridae,371087,48460/1/47120/372739/47158/184884/47201/124417/981280/342818
Hemerobiidae,118993,48460/1/47120/372739/47158/184884/48763/483236
Hemithripidae,1377498,48460/1/47120/372739/47158/184884/83201/372872/1377496
Hepialidae,53783,48460/1/47120/372739/47158/184884/47157/53784
Heptageniidae,48006,48460/1/47120/372739/47158/184884/48011/154639
Heptamelidae,1398093,48460/1/47120/372739/47158/184884/47201/84643/49452
Hesperiidae,47653,48460/1/47120/372739/47158/184884/47157/47224
Heteroceridae,174627,48460/1/47120/372739/47158/184884/47208/71130/372854/130839
Heterogastridae,177890,48460/1/47120/372739/47158/184884/47744/61267/372868/466233
Heterogynidae,320876,48460/1/47120/372739/47158/184884/47157/52029
Heydeniidae,1426991,48460/1/47120/372739/47158/184884/47201/124417/981280/69750
Himantariidae,69828,48460/1/47120/144128/49556/67662
Hippoboscidae,48818,48460/1/47120/372739/47158/184884/47822/48091/372853/48089/342767/347847
Hirudisomatidae,154911,48460/1/47120/144128/47735/551278/372763/888637/121553
Histeridae,68869,48460/1/47120/372739/47158/184884/47208/71130/372870/68870
Holopediidae,483821,48460/1/47120/85493/60395/1134694/68305/774763
Homotomidae,372899,48460/1/47120/372739/47158/184884/47744/334037/48195
Hungarobelbidae,982104,48460/1/47120/245097/47119/52788/129763/81508/332183/1227296/1227488/1465997
Hybosoridae,174507,48460/1/47120/372739/47158/184884/47208/71130/702480/48202
Hybotidae,174422,48460/1/47120/372739/47158/184884/47822/48091/372865/318504
Hydrachnidae,373047,48460/1/47120/245097/47119/52788/129763/83740/490738/495534/495537
Hydraenidae,176632,48460/1/47120/372739/47158/184884/47208/71130/372870/48311
Hydrochidae,1156100,48460/1/47120/372739/47158/184884/47208/71130/372870/127445
Hydrodromidae,245039,48460/1/47120/245097/47119/52788/129763/83740/490738/495534/495538
Hydrometridae,177751,48460/1/47120/372739/47158/184884/47744/61267/372861/176503
Hydrophilidae,127444,48460/1/47120/372739/47158/184884/47208/71130/372870/127445
Hydropsychidae,62163,48460/1/47120/372739/47158/184884/62164/372846/62165
Hydroptilidae,129646,48460/1/47120/372739/47158/184884/62164/129645
Hydroscaphidae,322188,48460/1/47120/372739/47158/184884/47208/340472
Hydryphantidae,245033,48460/1/47120/245097/47119/52788/129763/83740/490738/495534/495538
Hygrobatidae,338995,48460/1/47120/245097/47119/52788/129763/83740/490738/495534/495539
Hygrobiidae,483657,48460/1/47120/372739/47158/184884/47208/340471/574051
Hypochthoniidae,245257,48460/1/47120/245097/47119/52788/129763/81508/332183/888610/245277
Hypogastruridae,125614,48460/1/47120/372739/243773/49470/129730/1463814
Hystrichopsyllidae,353988,48460/1/47120/372739/47158/184884/83204/353987
Ibaliidae,48004,48460/1/47120/372739/47158/184884/47201/124417/981280/55593
Ichneumonidae,47199,48460/1/47120/372739/47158/184884/47201/124417/47200
Ilyocryptidae,338151,48460/1/47120/85493/60395/1134694/68305/774762
Incurvariidae,51268,48460/1/47120/372739/47158/184884/47157/51269
Inocelliidae,244083,48460/1/47120/372739/47158/184884/47794
Ischnopsyllidae,245161,48460/1/47120/372739/47158/184884/83204/245120
Ischyropsalididae,525950,48460/1/47120/245097/47119/47367/526560/525949
Ismaridae,246225,48460/1/47120/372739/47158/184884/47201/124417/981280/480797
Isonychiidae,48007,48460/1/47120/372739/47158/184884/48011/154639
Isotomidae,171479,48460/1/47120/372739/243773/49470/83224/171477
Issidae,56579,48460/1/47120/372739/47158/184884/47744/125816/372860/52073
Ixodidae,51673,48460/1/47120/245097/47119/52788/129762/51672
Japygidae,56218,48460/1/47120/372739/243773/56215/152968/245395
Julidae,121483,48460/1/47120/144128/47735/551278/372763/997267/372724/82535/997344
Kalotermitidae,143496,48460/1/47120/372739/47158/184884/81769/129743/118903
Kateretidae,332219,48460/1/47120/372739/47158/184884/47208/71130/372852/48485
Katiannidae,245385,48460/1/47120/372739/243773/49470/152965/171234
Kermesidae,49027,48460/1/47120/372739/47158/184884/47744/334037/60922
Keroplatidae,125922,48460/1/47120/372739/47158/184884/47822/154259/489328/493389
Kramerellidae,982245,48460/1/47120/245097/47119/52788/129763/81508/332183/1227296/152845/1466413/1466262
Krendowskiidae,982538,48460/1/47120/245097/47119/52788/129763/83740/490738/495534/495535
Kuwaniidae,798034,48460/1/47120/372739/47158/184884/47744/334037/60922
Labidostommatidae,246206,48460/1/47120/245097/47119/52788/129763/83740/55597/635812
Labiduridae,85850,48460/1/47120/372739/47158/184884/47793/713334/713335/949881/713339
Lachesillidae,245115,48460/1/47120/372739/47158/184884/83187/144300/451715
Laelapidae,245009,48460/1/47120/245097/47119/52788/129762/52790/907177/936184/1270556/194694
Laemophloeidae,174146,48460/1/47120/372739/47158/184884/47208/71130/372852/48485
Lampyridae,47731,48460/1/47120/372739/47158/184884/47208/71130/372854/47207
Laophontidae,195066,48460/1/47120/85493/473790/1091452/121643/774777/774779/85521
Lasiocampidae,56584,48460/1/47120/372739/47158/184884/47157/56583
Latridiidae,131059,48460/1/47120/372739/47158/184884/47208/71130/372852/471714
Lauxaniidae,118991,48460/1/47120/372739/47158/184884/47822/48091/372853/48089/48088/774561
Lebertiidae,245007,48460/1/47120/245097/47119/52788/129763/83740/490738/495534/495540
Lecanodiaspididae,746959,48460/1/47120/372739/47158/184884/47744/334037/60922
Lecithoceridae,82090,48460/1/47120/372739/47158/184884/47157/55518
Leiodidae,60571,48460/1/47120/372739/47158/184884/47208/71130/372870/48311
Lepidocharontidae,813881,48460/1/47120/85493/473790/47187/774775/144114/48147/343772/60691
Lepidostomatidae,125808,48460/1/47120/372739/47158/184884/62164/372875/81972
Lepismatidae,48300,48460/1/47120/372739/47158/48301
Leptestheriidae,153159,48460/1/47120/85493/60395/1134694/68305/774759
Leptoceridae,85862,48460/1/47120/372739/47158/184884/62164/372875/173238
Leptodoridae,127517,48460/1/47120/85493/60395/1134694/68305/774764
Leptonetidae,85865,48460/1/47120/245097/47119/47118/120474/367158/367184
Leptophlebiidae,81975,48460/1/47120/372739/47158/184884/48011/506428
Leptopodidae,470010,48460/1/47120/372739/47158/184884/47744/61267/372863/135297
Leptopsyllidae,245118,48460/1/47120/372739/47158/184884/83204/245120
Lernaeidae,354113,48460/1/47120/85493/473790/1091452/121643/774777/774779/85514/1066595
Lernaeopodidae,171327,48460/1/47120/85493/473790/1091452/121643/774777/774779/153122
Lestidae,47930,48460/1/47120/372739/47158/184884/47792/47928/1317183
Leucospidae,245000,48460/1/47120/372739/47158/184884/47201/124417/981280/69750
Leuctridae,148187,48460/1/47120/372739/47158/184884/47504/372838/570126/148186
Libellulidae,47819,48460/1/47120/372739/47158/184884/47792/47927/1317176
Licneremaeidae,245248,48460/1/47120/245097/47119/52788/129763/81508/332183/1227296/1227488/245206
Ligiidae,55357,48460/1/47120/85493/473790/47187/774775/144114/48147/84718/181176
Limacodidae,84165,48460/1/47120/372739/47158/184884/47157/52029
Limnadiidae,153160,48460/1/47120/85493/60395/1134694/68305/774759
Limnephilidae,130015,48460/1/47120/372739/47158/184884/62164/372875/81972
Limnesiidae,245029,48460/1/47120/245097/47119/52788/129763/83740/490738/495534/495539
Limnichidae,176390,48460/1/47120/372739/47158/184884/47208/71130/372854/130839
Limnocharidae,245040,48460/1/47120/245097/47119/52788/129763/83740/490738/495534/495536
Limnocytheridae,85871,48460/1/47120/85493/473792/68764/774780/85538/1001351/171230
Limoniidae,47992,48460/1/47120/372739/47158/184884/47822/154259/179916/51226
Linguatulidae,346599,48460/1/47120/85493/473792/473793/473794/153126/996987
Linyphiidae,67599,48460/1/47120/245097/47119/47118/120474/342614/319384
Liocranidae,153717,48460/1/47120/245097/47119/47118/120474/342614/367165
Liposcelididae,245144,48460/1/47120/372739/47158/184884/83187/372873/714496
Listrophoridae,245246,48460/1/47120/245097/47119/52788/129763/81508/332183/1227296/152845/1466413/1466263
Lithobiidae,122236,48460/1/47120/144128/49556/122235
Liviidae,460832,48460/1/47120/372739/47158/184884/47744/334037/48195
Lonchaeidae,322936,48460/1/47120/372739/47158/184884/47822/48091/372853/48089/48088/62006
Lonchopteridae,203416,48460/1/47120/372739/47158/184884/47822/48091/372853/414448
Lophocateridae,903246,48460/1/47120/372739/47158/184884/47208/71130/372852/55050
Lophoproctidae,245112,48460/1/47120/144128/47735/372767/133862/999573
Lucanidae,49083,48460/1/47120/372739/47158/184884/47208/71130/702480/48202
Lycaenidae,47923,48460/1/47120/372739/47158/184884/47157/47224
Lycidae,49360,48460/1/47120/372739/47158/184884/47208/71130/372854/47207
Lycosidae,47416,48460/1/47120/245097/47119/47118/120474/342614/367161
Lyctocoridae,464024,48460/1/47120/372739/47158/184884/47744/61267/372850/53668
Lygaeidae,55558,48460/1/47120/372739/47158/184884/47744/61267/372868/466233
Lymexylidae,246114,48460/1/47120/372739/47158/184884/47208/71130/372852/246113
Lynceidae,122268,48460/1/47120/85493/60395/1134694/68305/774760
Lyonetiidae,177236,48460/1/47120/372739/47158/184884/47157/53552
Lypusidae,452365,48460/1/47120/372739/47158/184884/47157/55518
Machilidae,142291,48460/1/47120/372739/47158/461443
Macrochelidae,172592,48460/1/47120/245097/47119/52788/129762/52790/907177/936184/1270556/568362
Macromiidae,67722,48460/1/47120/372739/47158/184884/47792/47927/1317176
Macronyssidae,245173,48460/1/47120/245097/47119/52788/129762/52790/907177/936184/1270556/194694
Macrosternodesmidae,171317,48460/1/47120/144128/47735/551278/372763/997267/372784/47734/711088/841314/998717
Macrothricidae,128810,48460/1/47120/85493/60395/1134694/68305/774762
Mantidae,48111,48460/1/47120/372739/47158/184884/48112/1097011/1097013/1097016
Mantispidae,52955,48460/1/47120/372739/47158/184884/48763/483236
Marchalinidae,746711,48460/1/47120/372739/47158/184884/47744/334037/60922
Margarodidae,60923,48460/1/47120/372739/47158/184884/47744/334037/60922
Matsucoccidae,746713,48460/1/47120/372739/47158/184884/47744/334037/60922
Meessiidae,504832,48460/1/47120/372739/47158/184884/47157/61414
Megachilidae,52777,48460/1/47120/372739/47158/184884/47201/124417/326777/47222/630955
Megalodontesidae,337737,48460/1/47120/372739/47158/184884/47201/84643/143250
Megalopodidae,178545,48460/1/47120/372739/47158/184884/47208/71130/372852/176269
Megamerinidae,511382,48460/1/47120/372739/47158/184884/47822/48091/372853/48089/48088/774573
Megaspilidae,367445,48460/1/47120/372739/47158/184884/47201/124417/203217
Megastigmidae,857366,48460/1/47120/372739/47158/184884/47201/124417/981280/69750
Meinertellidae,245396,48460/1/47120/372739/47158/461443
Melandryidae,173723,48460/1/47120/372739/47158/184884/47208/71130/372852/47593
Melanthripidae,981068,48460/1/47120/372739/47158/184884/83201/372872/1377476
Melittidae,154651,48460/1/47120/372739/47158/184884/47201/124417/326777/47222/630955
Meloidae,59510,48460/1/47120/372739/47158/184884/47208/71130/372852/47593
Melyridae,82067,48460/1/47120/372739/47158/184884/47208/71130/372852/55050
Membracidae,49024,48460/1/47120/372739/47158/184884/47744/125816/372849/49025
Mengenillidae,773494,48460/1/47120/372739/47158/184884/83202/922178
Menoponidae,172772,48460/1/47120/372739/47158/184884/83187/372873/714496/152843/371104
Mesopsocidae,359475,48460/1/47120/372739/47158/184884/83187/144300/451715
Mesoveliidae,174616,48460/1/47120/372739/47158/184884/47744/61267/372861/174617
Metacrangonyctidae,983387,48460/1/47120/85493/473790/47187/774775/144114/47628/869842/983381/983382/900859
Metrioppiidae,245243,48460/1/47120/245097/47119/52788/129763/81508/332183/1227296/1227488/245187
Micreremaeidae,245242,48460/1/47120/245097/47119/52788/129763/81508/332183/1227296/1227488/245206
Micronectidae,201252,48460/1/47120/372739/47158/184884/47744/61267/116696/84736
Micropezidae,132187,48460/1/47120/372739/47158/184884/47822/48091/372853/48089/48088/603713
Microphysidae,174329,48460/1/47120/372739/47158/184884/47744/61267/372850/1355482
Micropsammidae,982557,48460/1/47120/245097/47119/52788/129763/81508/635987/1109613
Micropterigidae,173650,48460/1/47120/372739/47158/184884/47157/173647
Microtrombidiidae,472774,48460/1/47120/245097/47119/52788/129763/83740/490738/635761/491889
Mideidae,245021,48460/1/47120/245097/47119/52788/129763/83740/490738/495534/495535
Mideopsidae,245015,48460/1/47120/245097/47119/52788/129763/83740/490738/495534/495535
Milichiidae,329891,48460/1/47120/372739/47158/184884/47822/48091/372853/48089/48088/361261
Millieriidae,981683,48460/1/47120/372739/47158/184884/47157
Mimetidae,60351,48460/1/47120/245097/47119/47118/120474/342614/319384
Miridae,53505,48460/1/47120/372739/47158/184884/47744/61267/372850/53504
Miturgidae,61867,48460/1/47120/245097/47119/47118/120474/342614
Mogoplistidae,120481,48460/1/47120/372739/47158/184884/47651/132694/358855/50158
Moinidae,209038,48460/1/47120/85493/60395/1134694/68305/774762
Molannidae,176962,48460/1/47120/372739/47158/184884/62164/372875/173238
Momphidae,176953,48460/1/47120/372739/47158/184884/47157/55518
Monophlebidae,428253,48460/1/47120/372739/47158/184884/47744/334037/60922
Monotomidae,174606,48460/1/47120/372739/47158/184884/47208/71130/372852/48485
Mordellidae,81969,48460/1/47120/372739/47158/184884/47208/71130/372852/47593
Muscidae,70144,48460/1/47120/372739/47158/184884/47822/48091/372853/48089/342767/54992
Mutillidae,48511,48460/1/47120/372739/47158/184884/47201/124417/326777/1269342
Mycetaeidae,471717,48460/1/47120/372739/47158/184884/47208/71130/372852/471714
Mycetophagidae,85909,48460/1/47120/372739/47158/184884/47208/71130/372852/47593
Mycetophilidae,83736,48460/1/47120/372739/47158/184884/47822/154259/489328/493389
Mycobatidae,245238,48460/1/47120/245097/47119/52788/129763/81508/332183/1227296/1227488/245069
Mycteridae,176908,48460/1/47120/372739/47158/184884/47208/71130/372852/47593
Mymaridae,203203,48460/1/47120/372739/47158/184884/47201/124417/981280/69750
Myobiidae,245237,48460/1/47120/245097/47119/52788/129763/83740/55597/635847/635981
Myocoptidae,245236,48460/1/47120/245097/47119/52788/129763/81508/332183/1227296/152845/1466413/1466263
Myopsocidae,142220,48460/1/47120/372739/47158/184884/83187/144300/474468
Myrmecophilidae,50159,48460/1/47120/372739/47158/184884/47651/132694/358855/523975
Myrmeleontidae,49358,48460/1/47120/372739/47158/184884/48763/489592/49359
Myrmosidae,246226,48460/1/47120/372739/47158/184884/47201/124417/326777/1269342
Mysidae,85912,48460/1/47120/85493/473790/47187/774775/144114/85532
Mysmenidae,172221,48460/1/47120/245097/47119/47118/120474/342614/319384
Mythicomyiidae,447973,48460/1/47120/372739/47158/184884/47822/48091/372865/354603
Nabidae,129878,48460/1/47120/372739/47158/184884/47744/61267/372850/1355483
Naucoridae,67615,48460/1/47120/372739/47158/184884/47744/61267/116696/67616
Neanuridae,83891,48460/1/47120/372739/243773/49470/129730/83890
Neelidae,203288,48460/1/47120/372739/243773/49470/152966
Nemasomatidae,154928,48460/1/47120/144128/47735/551278/372763/997267/372724/82535/997346
Nemastomatidae,245376,48460/1/47120/245097/47119/47367/526560/354553
Nematalycidae,982560,48460/1/47120/245097/47119/52788/129763/81508/635987/1109614
Nemesiidae,47369,48460/1/47120/245097/47119/47118/84719/1467321
Nemestrinidae,120090,48460/1/47120/372739/47158/184884/47822/48091/372865/781661
Nemonychidae,174369,48460/1/47120/372739/47158/184884/47208/71130/372852/60473
Nemopteridae,48759,48460/1/47120/372739/47158/184884/48763/489592/49359
Nemouridae,173242,48460/1/47120/372739/47158/184884/47504/372838/570126/148186
Neobisiidae,85918,48460/1/47120/245097/47119/172373/372876/928848/172452
Neoephemeridae,176794,48460/1/47120/372739/47158/184884/48011/173245
Neoliodidae,245247,48460/1/47120/245097/47119/52788/129763/81508/332183/1227296/1227488/245256
Nepidae,119347,48460/1/47120/372739/47158/184884/47744/61267/116696/81569
Nepticulidae,85925,48460/1/47120/372739/47158/184884/47157/176535
Nesticidae,153826,48460/1/47120/245097/47119/47118/120474/342614/319384
Nevrorthidae,559448,48460/1/47120/372739/47158/184884/48763/483236
Nicoletiidae,178895,48460/1/47120/372739/47158/48301
Niphargidae,85927,48460/1/47120/85493/473790/47187/774775/144114/47628/869842/885340/885341/885338
Nitidulidae,126791,48460/1/47120/372739/47158/184884/47208/71130/372852/48485
Noctuidae,48670,48460/1/47120/372739/47158/184884/47157/47607
Nolidae,52873,48460/1/47120/372739/47158/184884/47157/47607
Nosodendridae,176662,48460/1/47120/372739/47158/184884/47208/71130/372844/174054
Noteridae,177769,48460/1/47120/372739/47158/184884/47208/340471/574051
Nothridae,245231,48460/1/47120/245097/47119/52788/129763/81508/332183/1227296/1465863/245076
Notodontidae,47718,48460/1/47120/372739/47158/184884/47157/47607
Notodromadidae,85933,48460/1/47120/85493/473792/68764/774780/85538/1066627/996554
Notonectidae,56556,48460/1/47120/372739/47158/184884/47744/61267/116696/56555
Nycteribiidae,347845,48460/1/47120/372739/47158/184884/47822/48091/372853/48089/342767/347847
Nymphalidae,47922,48460/1/47120/372739/47158/184884/47157/47224
Ochodaeidae,176640,48460/1/47120/372739/47158/184884/47208/71130/702480/48202
Ochteridae,430400,48460/1/47120/372739/47158/184884/47744/61267/116696/430399
Odiniidae,329916,48460/1/47120/372739/47158/184884/47822/48091/372853/48089/48088/48087
Odontellidae,123872,48460/1/47120/372739/243773/49470/129730/171558
Odontoceridae,176700,48460/1/47120/372739/47158/184884/62164/372875/173238
Oecanthidae,1449512,48460/1/47120/372739/47158/184884/47651/132694/358855/50158
Oecobiidae,47587,48460/1/47120/245097/47119/47118/120474/342614/367174
Oecophoridae,81690,48460/1/47120/372739/47158/184884/47157/55518
Oedemeridae,61845,48460/1/47120/372739/47158/184884/47208/71130/372852/47593
Oestridae,154882,48460/1/47120/372739/47158/184884/47822/48091/372853/48089/342767/356157
Oithonidae,171781,48460/1/47120/85493/473790/1091452/121643/774777/774779/85514/1066594
Oligoneuriidae,154638,48460/1/47120/372739/47158/184884/48011/154639
Oligotomidae,56836,48460/1/47120/372739/47158/184884/56834/1041770/1041773
Ologamasidae,245171,48460/1/47120/245097/47119/52788/129762/52790/907177/936184/1270556/245175
Olpiidae,245012,48460/1/47120/245097/47119/172373/372876/928847/928860/172482
Omalisidae,548786,48460/1/47120/372739/47158/184884/47208/71130/372854/47207
Oncopoduridae,171699,48460/1/47120/372739/243773/49470/83224/171698
Oniscidae,48291,48460/1/47120/85493/473790/47187/774775/144114/48147/84718/343783/343798
Onychiuridae,171694,48460/1/47120/372739/243773/49470/129730/171558
Ooderidae,1426998,48460/1/47120/372739/47158/184884/47201/124417/981280/69750
Oonopidae,57647,48460/1/47120/245097/47119/47118/120474/367158/367170
Opetiidae,558003,48460/1/47120/372739/47158/184884/47822/48091/372853/414448
Opomyzidae,326615,48460/1/47120/372739/47158/184884/47822/48091/372853/48089/48088/48087
Opostegidae,176537,48460/1/47120/372739/47158/184884/47157/176535
Oppiidae,245229,48460/1/47120/245097/47119/52788/129763/81508/332183/1227296/1227488/245062
Oribatulidae,245227,48460/1/47120/245097/47119/52788/129763/81508/332183/1227296/1227488/81509
Ormyridae,244999,48460/1/47120/372739/47158/184884/47201/124417/981280/69750
Orsodacnidae,176274,48460/1/47120/372739/47158/184884/47208/71130/372852/176269
Ortheziidae,49576,48460/1/47120/372739/47158/184884/47744/334037/60922
Orussidae,204682,48460/1/47120/372739/47158/184884/47201/84643/342815
Osmylidae,341889,48460/1/47120/372739/47158/184884/48763/483236
Oxidae,245008,48460/1/47120/245097/47119/52788/129763/83740/490738/495534/495540
Oxycarenidae,453211,48460/1/47120/372739/47158/184884/47744/61267/372868/466233
Oxyopidae,83843,48460/1/47120/245097/47119/47118/120474/342614/367161
Pachytroctidae,245107,48460/1/47120/372739/47158/184884/83187/372873/714496
Pallopteridae,147033,48460/1/47120/372739/47158/184884/47822/48091/372853/48089/48088/62006
Pamphagidae,120414,48460/1/47120/372739/47158/184884/47651/67688/700600/47650
Pamphiliidae,143249,48460/1/47120/372739/47158/184884/47201/84643/143250
Panorpidae,51700,48460/1/47120/372739/47158/184884/49369
Papilionidae,47223,48460/1/47120/372739/47158/184884/47157/47224
Parabathynellidae,171491,48460/1/47120/85493/473790/47187/774775/144123/153113
Paradoxosomatidae,132949,48460/1/47120/144128/47735/551278/372763/997267/372784/47734/841312
Parajapygidae,245393,48460/1/47120/372739/243773/56215/152968/245395
Parasitidae,85394,48460/1/47120/245097/47119/52788/129762/52790/907177/936184/1270562
Pauropodidae,245087,48460/1/47120/144128/83243/153129
Pediciidae,70402,48460/1/47120/372739/47158/184884/47822/154259/179916/51226
Pediculidae,47438,48460/1/47120/372739/47158/184884/83187/372873/714496/152843/85502
Peleopodidae,1240139,48460/1/47120/372739/47158/184884/47157/55518
Peltidae,1408672,48460/1/47120/372739/47158/184884/47208/71130/372852/55050
Pentatomidae,47742,48460/1/47120/372739/47158/184884/47744/61267/372868/47743
Penthaleidae,245222,48460/1/47120/245097/47119/52788/129763/83740/55597/635809/520455
Penthalodidae,245221,48460/1/47120/245097/47119/52788/129763/83740/55597/635809/520455
Perilampidae,203268,48460/1/47120/372739/47158/184884/47201/124417/981280/69750
Peripsocidae,245116,48460/1/47120/372739/47158/184884/83187/144300/451715
Periscelididae,373120,48460/1/47120/372739/47158/184884/47822/48091/372853/48089/48088/48087
Perlidae,154347,48460/1/47120/372739/47158/184884/47504/372838/570128/123941
Perlodidae,123940,48460/1/47120/372739/47158/184884/47504/372838/570128/123941
Phaeomyiidae,326637,48460/1/47120/372739/47158/184884/47822/48091/372853/48089/48088/70139
Phalacridae,132036,48460/1/47120/372739/47158/184884/47208/71130/372852/48485
Phalangiidae,57409,48460/1/47120/245097/47119/47367/372840/61350
Phalangodidae,56367,48460/1/47120/245097/47119/47367/202277/526082/534089
Phalangopsidae,523732,48460/1/47120/372739/47158/184884/47651/132694/358855/50158
Phenopelopidae,373123,48460/1/47120/245097/47119/52788/129763/81508/332183/1227296/1227488/1465998
Philodromidae,47868,48460/1/47120/245097/47119/47118/120474/342614/367176
Philopotamidae,154581,48460/1/47120/372739/47158/184884/62164/372846/62192
Philopteridae,173070,48460/1/47120/372739/47158/184884/83187/372873/714496/152843/372862
Philosciidae,48294,48460/1/47120/85493/473790/47187/774775/144114/48147/84718/343783/343798
Philotarsidae,245157,48460/1/47120/372739/47158/184884/83187/144300/714246
Phlaeothripidae,143336,48460/1/47120/372739/47158/184884/83201/464109
Phloeostichidae,572548,48460/1/47120/372739/47158/184884/47208/71130/372852/48485
Phloiophilidae,572458,48460/1/47120/372739/47158/184884/47208/71130/372852/55050
Pholcidae,47823,48460/1/47120/245097/47119/47118/120474/367158/367163
Phonognathidae,1492648,48460/1/47120/245097/47119/47118/120474/342614/319384
Phoridae,55351,48460/1/47120/372739/47158/184884/47822/48091/372853/414448
Phrurolithidae,416723,48460/1/47120/245097/47119/47118/120474/342614/367165
Phryganeidae,172903,48460/1/47120/372739/47158/184884/62164/372875/172902
Phthiracaridae,245219,48460/1/47120/245097/47119/52788/129763/81508/332183/746595/1396469/245225
Phyllognathopodidae,493825,48460/1/47120/85493/473790/1091452/121643/774777/774779/85521
Phylloxeridae,319318,48460/1/47120/372739/47158/184884/47744/334037/901813/61514
Phytoptidae,373126,48460/1/47120/245097/47119/52788/129763/81508/635987/373225
Phytoseiidae,245169,48460/1/47120/245097/47119/52788/129762/52790/907177/936184/1270556/245172
Pieridae,48508,48460/1/47120/372739/47158/184884/47157/47224
Piesmatidae,343428,48460/1/47120/372739/47158/184884/47744/61267/372868/466233
Pimoidae,172367,48460/1/47120/245097/47119/47118/120474/342614/319384
Pionidae,129585,48460/1/47120/245097/47119/52788/129763/83740/490738/495534/495539
Piophilidae,326644,48460/1/47120/372739/47158/184884/47822/48091/372853/48089/48088/62006
Pipunculidae,144038,48460/1/47120/372739/47158/184884/47822/48091/372853/414448
Pirenidae,1427000,48460/1/47120/372739/47158/184884/47201/124417/981280/69750
Pirnodidae,330883,48460/1/47120/245097/47119/52788/129763/81508/332183/1227296/1227488/81509
Pisauridae,55788,48460/1/47120/245097/47119/47118/120474/342614/367161
Plataspidae,60795,48460/1/47120/372739/47158/184884/47744/61267/372868/47743
Platyarthridae,205750,48460/1/47120/85493/473790/47187/774775/144114/48147/84718/343783/343798
Platycnemididae,85991,48460/1/47120/372739/47158/184884/47792/47928/426081
Platygastridae,203202,48460/1/47120/372739/47158/184884/47201/124417/981280/178935
Platypezidae,336703,48460/1/47120/372739/47158/184884/47822/48091/372853/414448
Platystomatidae,62007,48460/1/47120/372739/47158/184884/47822/48091/372853/48089/48088/62006
Pleidae,130977,48460/1/47120/372739/47158/184884/47744/61267/116696/56555
Plutellidae,126766,48460/1/47120/372739/47158/184884/47157/53552
Poduridae,207915,48460/1/47120/372739/243773/49470/129730
Polleniidae,932929,48460/1/47120/372739/47158/184884/47822/48091/372853/48089/342767/356157
Polyaspididae,245168,48460/1/47120/245097/47119/52788/129762/52790/907177/334649/1097559
Polycentropodidae,154684,48460/1/47120/372739/47158/184884/62164/372846/62165
Polydesmidae,121480,48460/1/47120/144128/47735/551278/372763/997267/372784/47734/711088/841314/998716
Polymitarcyidae,81982,48460/1/47120/372739/47158/184884/48011/48012
Polypauropodidae,982593,48460/1/47120/144128/83243/153129
Polyphemidae,483931,48460/1/47120/85493/60395/1134694/68305/774765
Polyplacidae,330609,48460/1/47120/372739/47158/184884/83187/372873/714496/152843/85502
Polyxenidae,133871,48460/1/47120/144128/47735/372767/133862/999573
Polyzoniidae,121554,48460/1/47120/144128/47735/551278/372763/888637/121553
Pompilidae,54028,48460/1/47120/372739/47158/184884/47201/124417/326777/1269342
Porcellionidae,122239,48460/1/47120/85493/473790/47187/774775/144114/48147/84718/343783/343798
Potamanthidae,123605,48460/1/47120/372739/47158/184884/48011/123604
Praydidae,479723,48460/1/47120/372739/47158/184884/47157/53552
Prionoceridae,363624,48460/1/47120/372739/47158/184884/47208/71130/372852/55050
Prionoglarididae,480276,48460/1/47120/372739/47158/184884/83187/212153/480275
Proctophyllodidae,245217,48460/1/47120/245097/47119/52788/129763/81508/332183/1227296/152845/1466413/1466256
Proctotrupidae,203200,48460/1/47120/372739/47158/184884/47201/124417/981280/342818
Prodoxidae,63177,48460/1/47120/372739/47158/184884/47157/51269
Prostomidae,373135,48460/1/47120/372739/47158/184884/47208/71130/372852/47593
Protentomidae,373136,48460/1/47120/372739/243773/83242/1397966
Protoglomeridae,563778,48460/1/47120/144128/47735/551278/372768/999505/56079/999510
Protziidae,245023,48460/1/47120/245097/47119/52788/129763/83740/490738/495534/495538
Psephenidae,143858,48460/1/47120/372739/47158/184884/47208/71130/372854/130839
Pseudocaeciliidae,245122,48460/1/47120/372739/47158/184884/83187/144300/714246
Pseudococcidae,49574,48460/1/47120/372739/47158/184884/47744/334037/60922
Pseudodiaptomidae,171665,48460/1/47120/85493/473790/1091452/121643/774777/774778/85507
Pseudoniphargidae,885375,48460/1/47120/85493/473790/47187/774775/144114/47628/869842/885340/885341/885371
Psilidae,319827,48460/1/47120/372739/47158/184884/47822/48091/372853/48089/48088/774573
Psocidae,120991,48460/1/47120/372739/47158/184884/83187/144300/474468
Psychidae,61415,48460/1/47120/372739/47158/184884/47157/61414
Psychodidae,52071,48460/1/47120/372739/47158/184884/47822/154259/774833
Psychomyiidae,154589,48460/1/47120/372739/47158/184884/62164/372846/62165
Psyllidae,48194,48460/1/47120/372739/47158/184884/47744/334037/48195
Psyllipsocidae,212154,48460/1/47120/372739/47158/184884/83187/212153/480275
Pterolichidae,245210,48460/1/47120/245097/47119/52788/129763/81508/332183/1227296/152845/1466413/1466262
Pterolonchidae,458020,48460/1/47120/372739/47158/184884/47157/55518
Pteromalidae,125448,48460/1/47120/372739/47158/184884/47201/124417/981280/69750
Pterophoridae,47404,48460/1/47120/372739/47158/184884/47157/47405
Pterygosomatidae,245208,48460/1/47120/245097/47119/52788/129763/83740/55597/635847/635932
Pthiridae,372921,48460/1/47120/372739/47158/184884/83187/372873/714496/152843/85502
Ptiliidae,48304,48460/1/47120/372739/47158/184884/47208/71130/372870/48311
Ptiloxenidae,373143,48460/1/47120/245097/47119/52788/129763/81508/332183/1227296/152845/1466413/1466262
Ptinidae,82167,48460/1/47120/372739/47158/184884/47208/71130/372844/47496
Ptychopteridae,82156,48460/1/47120/372739/47158/184884/47822/154259
Pulicidae,122216,48460/1/47120/372739/47158/184884/83204/122217
Putoidae,1019338,48460/1/47120/372739/47158/184884/47744/334037/60922
Pyemotidae,373140,48460/1/47120/245097/47119/52788/129763/83740/55597/635848/635922
Pyralidae,49683,48460/1/47120/372739/47158/184884/47157/49682
Pyrgomorphidae,85311,48460/1/47120/372739/47158/184884/47651/67688/700600/85310
Pyrochroidae,51681,48460/1/47120/372739/47158/184884/47208/71130/372852/47593
Pyroglyphidae,245205,48460/1/47120/245097/47119/52788/129763/81508/332183/1227296/152845/1466413/1466256
Pyrrhocoridae,55612,48460/1/47120/372739/47158/184884/47744/61267/372868/52983
Pythidae,211805,48460/1/47120/372739/47158/184884/47208/71130/372852/47593
Quadroppiidae,329465,48460/1/47120/245097/47119/52788/129763/81508/332183/1227296/1227488/245062
Ragadidae,702386,48460/1/47120/372739/47158/184884/47822/48091/372865/318504
Raphidiidae,60052,48460/1/47120/372739/47158/184884/47794
Reduviidae,48959,48460/1/47120/372739/47158/184884/47744/61267/372850/133754
Rhadalidae,903248,48460/1/47120/372739/47158/184884/47208/71130/372852/55050
Rhagidiidae,123126,48460/1/47120/245097/47119/52788/129763/83740/55597/635809/520455
Rhagionidae,60470,48460/1/47120/372739/47158/184884/47822/48091/372865/342679
Rhaphidophoridae,61441,48460/1/47120/372739/47158/184884/47651/132694/488701/61440
Rhiniidae,326656,48460/1/47120/372739/47158/184884/47822/48091/372853/48089/342767/356157
Rhinophoridae,48286,48460/1/47120/372739/47158/184884/47822/48091/372853/48089/342767/356157
Rhinotermitidae,119932,48460/1/47120/372739/47158/184884/81769/129743/118903
Rhizoecidae,471712,48460/1/47120/372739/47158/184884/47744/334037/60922
Rhopalidae,53225,48460/1/47120/372739/47158/184884/47744/61267/372868/51776
Rhyacophilidae,86047,48460/1/47120/372739/47158/184884/62164/372842/172979
Rhyparochromidae,141732,48460/1/47120/372739/47158/184884/47744/61267/372868/466233
Rhysodidae,174406,48460/1/47120/372739/47158/184884/47208/340471/372884
Riodinidae,59166,48460/1/47120/372739/47158/184884/47157/47224
Ripiphoridae,133086,48460/1/47120/372739/47158/184884/47208/71130/372852/47593
Rivetinidae,1097047,48460/1/47120/372739/47158/184884/48112/1097011/1097013/1097030
Roeslerstammiidae,373154,48460/1/47120/372739/47158/184884/47157/61352
Sabaconidae,172246,48460/1/47120/245097/47119/47367/526560/525949
Saldidae,135298,48460/1/47120/372739/47158/184884/47744/61267/372863/1397557
Salentinellidae,983237,48460/1/47120/85493/473790/47187/774775/144114/47628/869842/983321/983322/983314
Salpingidae,131987,48460/1/47120/372739/47158/184884/47208/71130/372852/47593
Salticidae,48139,48460/1/47120/245097/47119/47118/120474/342614/367200
Sapygidae,209572,48460/1/47120/372739/47158/184884/47201/124417/326777/1269342
Sarcophagidae,52910,48460/1/47120/372739/47158/184884/47822/48091/372853/48089/342767/356157
Sarcoptidae,245204,48460/1/47120/245097/47119/52788/129763/81508/332183/1227296/152845/1466413/1466263
Saturniidae,47918,48460/1/47120/372739/47158/184884/47157/47214
Scarabaeidae,48201,48460/1/47120/372739/47158/184884/47208/71130/702480/48202
Scathophagidae,68719,48460/1/47120/372739/47158/184884/47822/48091/372853/48089/342767/54992
Scatopsidae,203230,48460/1/47120/372739/47158/184884/47822/154259/489328
Scelionidae,1078214,48460/1/47120/372739/47158/184884/47201/124417/981280/178935
Scenopinidae,245353,48460/1/47120/372739/47158/184884/47822/48091/372865/354603
Scheloribatidae,245203,48460/1/47120/245097/47119/52788/129763/81508/332183/1227296/1227488/81509
Schendylidae,171453,48460/1/47120/144128/49556/67662
Schreckensteiniidae,345534,48460/1/47120/372739/47158/184884/47157/345533
Sciaridae,85259,48460/1/47120/372739/47158/184884/47822/154259/489328/493389
Sciomyzidae,127180,48460/1/47120/372739/47158/184884/47822/48091/372853/48089/48088/70139
Scirtidae,47595,48460/1/47120/372739/47158/184884/47208/71130/372854/47596
Sclerogibbidae,499413,48460/1/47120/372739/47158/184884/47201/124417/326777/203212
Sclerosomatidae,57325,48460/1/47120/245097/47119/47367/372840/61350
Scoliidae,51967,48460/1/47120/372739/47158/184884/47201/124417/326777/1269344
Scolopendrellidae,245092,48460/1/47120/144128/84638
Scolopendridae,53764,48460/1/47120/144128/49556/53763
Scraptiidae,173241,48460/1/47120/372739/47158/184884/47208/71130/372852/47593
Scutacaridae,245202,48460/1/47120/245097/47119/52788/129763/83740/55597/635848/635924
Scutelleridae,49525,48460/1/47120/372739/47158/184884/47744/61267/372868/47743
Scutigerellidae,185594,48460/1/47120/144128/84638
Scutigeridae,49554,48460/1/47120/144128/49556/49553
Scutoverticidae,245201,48460/1/47120/245097/47119/52788/129763/81508/332183/1227296/1227488/245206
Scythrididae,124020,48460/1/47120/372739/47158/184884/47157/55518
Scytodidae,47431,48460/1/47120/245097/47119/47118/120474/367158/367166
Segestriidae,57806,48460/1/47120/245097/47119/47118/120474/367158/367170
Sepsidae,70140,48460/1/47120/372739/47158/184884/47822/48091/372853/48089/48088/70139
Sericostomatidae,172828,48460/1/47120/372739/47158/184884/62164/372875/121942
Sericothripidae,1377529,48460/1/47120/372739/47158/184884/83201/372872/1377518
Sesiidae,51573,48460/1/47120/372739/47158/184884/47157/122746
Sialidae,57846,48460/1/47120/372739/47158/184884/47864
Sicariidae,48140,48460/1/47120/245097/47119/47118/120474/367158/367166
Sididae,338147,48460/1/47120/85493/60395/1134694/68305/774763
Signiphoridae,244997,48460/1/47120/372739/47158/184884/47201/124417/981280/69750
Silphidae,53849,48460/1/47120/372739/47158/184884/47208/71130/372870/48311
Silvanidae,172901,48460/1/47120/372739/47158/184884/47208/71130/372852/48485
Simuliidae,63164,48460/1/47120/372739/47158/184884/47822/154259/153429/509764
Siphlonuridae,86070,48460/1/47120/372739/47158/184884/48011
Siricidae,53256,48460/1/47120/372739/47158/184884/47201/84643/198946
Sironidae,515815,48460/1/47120/245097/47119/47367/202279/1122917
Sisyridae,211247,48460/1/47120/372739/47158/184884/48763/483236
Smarididae,373166,48460/1/47120/245097/47119/52788/129763/83740/490738/635761/504310
Sminthuridae,171631,48460/1/47120/372739/243773/49470/152965/171630
Sminthurididae,171622,48460/1/47120/372739/243773/49470/152965/1455493
Spalangiidae,1427001,48460/1/47120/372739/47158/184884/47201/124417/981280/69750
Sparasionidae,1281417,48460/1/47120/372739/47158/184884/47201/124417/981280/178935
Sparassidae,47867,48460/1/47120/245097/47119/47118/120474/342614/765797
Spercheidae,370620,48460/1/47120/372739/47158/184884/47208/71130/372870/127445
Sperchontidae,245027,48460/1/47120/245097/47119/52788/129763/83740/490738/495534/495540
Sphaeritidae,342437,48460/1/47120/372739/47158/184884/47208/71130/372870/68870
Sphaeriusidae,322191,48460/1/47120/372739/47158/184884/47208/340472
Sphaeroceridae,177496,48460/1/47120/372739/47158/184884/47822/48091/372853/48089/48088/774570
Sphaerochthoniidae,245200,48460/1/47120/245097/47119/52788/129763/81508/332183/888610/245080
Sphaeromatidae,49532,48460/1/47120/85493/473790/47187/774775/144114/48147/343784/343786
Sphaeropsocidae,467077,48460/1/47120/372739/47158/184884/83187/372873/714496
Sphecidae,48742,48460/1/47120/372739/47158/184884/47201/124417/326777/47222
Sphindidae,176620,48460/1/47120/372739/47158/184884/47208/71130/372852/48485
Sphingidae,47213,48460/1/47120/372739/47158/184884/47157/47214
Spinturnicidae,245166,48460/1/47120/245097/47119/52788/129762/52790/907177/936184/1270556/194694
Staphylinidae,47951,48460/1/47120/372739/47158/184884/47208/71130/372870/48311
Stathmopodidae,360121,48460/1/47120/372739/47158/184884/47157/55518
Stenasellidae,86078,48460/1/47120/85493/473790/47187/774775/144114/48147/343772/813869
Stenocephalidae,327170,48460/1/47120/372739/47158/184884/47744/61267/372868/51776
Stenoniscidae,245410,48460/1/47120/85493/473790/47187/774775/144114/48147/84718/343783/343798
Stenopsocidae,200019,48460/1/47120/372739/47158/184884/83187/144300/480277
Stephanidae,155498,48460/1/47120/372739/47158/184884/47201/124417/198947
Stigmaeidae,373172,48460/1/47120/245097/47119/52788/129763/83740/55597/635847/635930
Stratiomyidae,70127,48460/1/47120/372739/47158/184884/47822/48091/372865/564285
Stygothrombiidae,345037,48460/1/47120/245097/47119/52788/129763/83740/490738
Stylopidae,143219,48460/1/47120/372739/47158/184884/83202/902761
Synaphridae,416718,48460/1/47120/245097/47119/47118/120474/342614/319384
Syringobiidae,245197,48460/1/47120/245097/47119/52788/129763/81508/332183/1227296/152845/1466413/1466262
Syringophilidae,245195,48460/1/47120/245097/47119/52788/129763/83740/55597/635847/635920
Syrphidae,49995,48460/1/47120/372739/47158/184884/47822/48091/372853/414448
Systasidae,1427002,48460/1/47120/372739/47158/184884/47201/124417/981280/69750
Tabanidae,47821,48460/1/47120/372739/47158/184884/47822/48091/372865/342679
Tachinidae,51953,48460/1/47120/372739/47158/184884/47822/48091/372853/48089/342767/356157
Taeniopterygidae,173394,48460/1/47120/372739/47158/184884/47504/372838/570126/148186
Talitridae,63288,48460/1/47120/85493/473790/47187/774775/144114/47628/869842/885300/885301/494273/1297362
Tanymastigidae,488344,48460/1/47120/85493/60395/495841/119123/1068362
Tanypezidae,502052,48460/1/47120/372739/47158/184884/47822/48091/372853/48089/48088/603713
Tarsonemidae,245194,48460/1/47120/245097/47119/52788/129763/83740/55597/635848/635927
Tectocepheidae,245193,48460/1/47120/245097/47119/52788/129763/81508/332183/1227296/1227488/245196
Telemidae,172218,48460/1/47120/245097/47119/47118/120474/367158/367184
Tenebrionidae,53816,48460/1/47120/372739/47158/184884/47208/71130/372852/47593
Tenthredinidae,60628,48460/1/47120/372739/47158/184884/47201/84643/49452
Tenuipalpidae,208542,48460/1/47120/245097/47119/52788/129763/83740/55597/635847/208541
Tephritidae,47990,48460/1/47120/372739/47158/184884/47822/48091/372853/48089/48088/62006
Teredidae,471716,48460/1/47120/372739/47158/184884/47208/71130/372852/471714
Termitidae,118902,48460/1/47120/372739/47158/184884/81769/129743/118903
Tetracampidae,471987,48460/1/47120/372739/47158/184884/47201/124417/981280/69750
Tetragnathidae,47551,48460/1/47120/245097/47119/47118/120474/342614/319384
Tetranychidae,128552,48460/1/47120/245097/47119/52788/129763/83740/55597/635847/208541
Tetratomidae,174618,48460/1/47120/372739/47158/184884/47208/71130/372852/47593
Tetrigidae,57658,48460/1/47120/372739/47158/184884/47651/67688/700600/57657
Tettigometridae,466616,48460/1/47120/372739/47158/184884/47744/125816/372860/52073
Tettigoniidae,48124,48460/1/47120/372739/47158/184884/47651/132694/488701/48125
Teutoniidae,245028,48460/1/47120/245097/47119/52788/129763/83740/490738/495534/495540
Thamnocephalidae,85350,48460/1/47120/85493/60395/495841/119123/1068362
Therevidae,202796,48460/1/47120/372739/47158/184884/47822/48091/372865/354603
Theridiidae,47371,48460/1/47120/245097/47119/47118/120474/342614/319384
Theridiosomatidae,153780,48460/1/47120/245097/47119/47118/120474/342614/319384
Thomisidae,47866,48460/1/47120/245097/47119/47118/120474/342614/367176
Thripidae,83443,48460/1/47120/372739/47158/184884/83201/372872/1377518
Throscidae,172934,48460/1/47120/372739/47158/184884/47208/71130/372854/47207
Thymalidae,903240,48460/1/47120/372739/47158/184884/47208/71130/372852/55050
Thynnidae,605157,48460/1/47120/372739/47158/184884/47201/124417/326777/554136
Thyreocoridae,133023,48460/1/47120/372739/47158/184884/47744/61267/372868/47743
Thyrididae,82790,48460/1/47120/372739/47158/184884/47157/82789
Tineidae,124262,48460/1/47120/372739/47158/184884/47157/61414
Tingidae,53506,48460/1/47120/372739/47158/184884/47744/61267/372850/53504
Tiphiidae,132105,48460/1/47120/372739/47158/184884/47201/124417/326777/371108
Tipulidae,51225,48460/1/47120/372739/47158/184884/47822/154259/179916/51226
Tischeriidae,86104,48460/1/47120/372739/47158/184884/47157/244425
Titanoecidae,153568,48460/1/47120/245097/47119/47118/120474/342614/367190
Tomoceridae,62038,48460/1/47120/372739/243773/49470/83224/171698
Torrenticolidae,245005,48460/1/47120/245097/47119/52788/129763/83740/490738/495534/495540
Tortricidae,47155,48460/1/47120/372739/47158/184884/47157/47156
Torymidae,203199,48460/1/47120/372739/47158/184884/47201/124417/981280/69750
Trachelidae,416721,48460/1/47120/245097/47119/47118/120474/342614
Trachelipodidae,171569,48460/1/47120/85493/473790/47187/774775/144114/48147/84718/343783/343798
Trhypochtoniidae,246211,48460/1/47120/245097/47119/52788/129763/81508/332183/1227296/1465863/245076
Triaenonychidae,56372,48460/1/47120/245097/47119/47367/202277/526083/526085
Trichoceridae,178781,48460/1/47120/372739/47158/184884/47822/154259/179916
Trichodectidae,178777,48460/1/47120/372739/47158/184884/83187/372873/714496/152843/372862
Trichogrammatidae,130129,48460/1/47120/372739/47158/184884/47201/124417/981280/69750
Trichoniscidae,86114,48460/1/47120/85493/473790/47187/774775/144114/48147/84718/343783/343799
Trichopsocidae,245089,48460/1/47120/372739/47158/184884/83187/144300/714246
Tridactylidae,173724,48460/1/47120/372739/47158/184884/47651/67688/705364/129280
Trigonalidae,343418,48460/1/47120/372739/47158/184884/47201/124417/342821
Trigonidiidae,84812,48460/1/47120/372739/47158/184884/47651/132694/358855/50158
Triopsidae,60397,48460/1/47120/85493/60395/1134694/1416358/60396
Triozidae,85406,48460/1/47120/372739/47158/184884/47744/334037/48195
Trogidae,122635,48460/1/47120/372739/47158/184884/47208/71130/702480/48202
Trogiidae,245141,48460/1/47120/372739/47158/184884/83187/212153/371120
Trogossitidae,84653,48460/1/47120/372739/47158/184884/47208/71130/372852/55050
Trogulidae,354551,48460/1/47120/245097/47119/47367/526560/354553
Trombiculidae,245044,48460/1/47120/245097/47119/52788/129763/83740/490738/635761/491889
Trombidiidae,57652,48460/1/47120/245097/47119/52788/129763/83740/490738/635761/491889
Tropiduchidae,129579,48460/1/47120/372739/47158/184884/47744/125816/372860/52073
Trouessartiidae,982238,48460/1/47120/245097/47119/52788/129763/81508/332183/1227296/152845/1466413/1466256
Tullbergiidae,171561,48460/1/47120/372739/243773/49470/129730/171558
Tungidae,245124,48460/1/47120/372739/47158/184884/83204/122217
Tydeidae,245186,48460/1/47120/245097/47119/52788/129763/83740/55597/635809/532010
Tylidae,210130,48460/1/47120/85493/473790/47187/774775/144114/48147/84718/343783/343801
Uenoidae,81973,48460/1/47120/372739/47158/184884/62164/372875/81972
Ulidiidae,125458,48460/1/47120/372739/47158/184884/47822/48091/372853/48089/48088/62006
Uloboridae,121468,48460/1/47120/245097/47119/47118/120474/342614/367160
Unionicolidae,245016,48460/1/47120/245097/47119/52788/129763/83740/490738/495534/495539
Urodidae,417189,48460/1/47120/372739/47158/184884/47157/417188
Urodinychidae,334652,48460/1/47120/245097/47119/52788/129762/52790/907177/334649/1097559
Vanhorniidae,495352,48460/1/47120/372739/47158/184884/47201/124417/981280/342818
Varroidae,194695,48460/1/47120/245097/47119/52788/129762/52790/907177/936184/1270556/194694
Veliidae,119047,48460/1/47120/372739/47158/184884/47744/61267/372861/59654
Vermileonidae,245355,48460/1/47120/372739/47158/184884/47822/48091/372865/774584
Vermipsyllidae,326209,48460/1/47120/372739/47158/184884/83204/245103
Vesperidae,370757,48460/1/47120/372739/47158/184884/47208/71130/372852/963992
Vespidae,52747,48460/1/47120/372739/47158/184884/47201/124417/326777/48740
Withiidae,245032,48460/1/47120/245097/47119/172373/372876/928847/928851/172435
Xenidae,1422701,48460/1/47120/372739/47158/184884/83202/902761
Xenillidae,245185,48460/1/47120/245097/47119/52788/129763/81508/332183/1227296/1227488/245187
Xiphydriidae,371090,48460/1/47120/372739/47158/184884/47201/84643/372886
Xolalgidae,245190,48460/1/47120/245097/47119/52788/129763/81508/332183/1227296/152845/1466413/1466256
Xyelidae,343826,48460/1/47120/372739/47158/184884/47201/84643/342816
Xylococcidae,746728,48460/1/47120/372739/47158/184884/47744/334037/60922
Xylomyidae,245354,48460/1/47120/372739/47158/184884/47822/48091/372865/564285
Xylophagidae,120352,48460/1/47120/372739/47158/184884/47822/48091/372865/774585
Yponomeutidae,53553,48460/1/47120/372739/47158/184884/47157/53552
Ypsolophidae,207652,48460/1/47120/372739/47158/184884/47157/53552
Zodariidae,48893,48460/1/47120/245097/47119/47118/120474/342614/1492821
Zopheridae,47592,48460/1/47120/372739/47158/184884/47208/71130/372852/47593
Zoropsidae,127113,48460/1/47120/245097/47119/47118/120474/342614/367161
Zygaenidae,52028,48460/1/47120/372739/47158/184884/47157/52029
