taxon_id,photo_id,extension,observation_uuid
473200,137248230,jpg,33664075-4fa6-4c61-bae7-cee13a78d2e5
51149,2244702,jpg,eda7153d-6c73-429e-b5cc-aacc7aa08642
130410,18662209,jpeg,0ac84d93-2d65-4e35-adb1-df6badf03155
56203,5991529,jpg,da1cdbdf-b251-4081-9aa4-624886a2b374
430129,83125384,jpeg,ded66183-adbd-4790-8b70-590e77c84289
212506,178712726,jpg,c246af48-d4e5-43ab-8d68-0b1e83eebdec
155387,4831864,jpg,9f5608a7-9784-4a8d-9a8f-d114cc65d2e2
892440,106516427,jpeg,a89786de-535b-405b-a36b-2430bc675d9e
210933,4282533,jpg,5eb63fab-d657-40d5-8476-ac544224c590
212803,22762983,jpeg,c2863c7f-296e-4438-8242-ac2496c49e15
52406,4488059,jpg,efe4610c-ba70-4817-89f0-6a59d02c12dd
409563,33350388,jpg,df7d230a-f9fb-448a-b766-314c374c1ebd
356218,10670856,jpg,c35869d1-e079-4718-9c92-9fb8c5456b95
70203,1501447,jpg,e36d4b17-d81c-4d2e-bb8f-add87d07be59
127022,6755033,png,d2e233ee-7dcd-406f-8cf1-180a858cf5f7
127719,19767464,jpeg,4f3e16f3-2a21-43ee-ae9f-d6f569696998
430051,4323303,jpg,c28add97-6fd9-40b1-abdd-3a2d3b0ac0c5
496270,18109424,jpg,37549409-c8a8-45dc-a9ec-a95527b0789c
67731,152614,JPG,f3a5874a-d33d-4d22-bb0d-982e1de8edd9
60579,3791348,jpg,5e78ea07-051b-4e67-97e0-8d831ec651b1
526528,113404725,jpeg,b6a3e7f5-ca50-43f6-8e35-fb2595acc61e
127193,2479276,jpg,58f18ea5-d264-43df-925f-64c2eccf9e5e
456778,45759873,jpg,1d21197f-102b-4753-a5fe-1d35f6014111
461636,21837729,jpg,d4d4fd83-335e-4c37-a09e-d6ea2d659a49
125655,1574299,JPG,2f9062fe-0462-4d54-b698-091e66e19047
130584,129106599,jpeg,05f7d842-df11-4dc8-aa58-0167411175d2
62453,741880,JPG,8b2ac992-bfce-425f-9155-b4e3b402b19c
359507,15647655,jpg,9f1196aa-0d6e-4e46-a260-43937bd1403e
322343,19050715,jpg,50259f53-602f-4add-b61b-b491d5cb6d0c
321979,4041998,jpg,2f339bd6-01b5-4032-874a-8c8ed83f6fbc
120113,927126,JPG,9d916507-3d75-491f-b3fc-559de4779cf5
203347,4938843,jpg,41041df2-fb95-4213-b8fc-5f8397b657da
319828,3781936,jpg,a2b75aa1-da53-4593-a4f4-862a17c5d1f6
262721,242368301,jpeg,4a8e173f-b07b-436a-9621-37202d67612d
546897,154329938,jpeg,cdf248bf-e6ef-4111-b441-5b2fb601bfff
205779,14986804,jpeg,fce205d5-abab-4321-8756-c0071318760d
47219,35206,JPG,7e8abff8-24af-4043-9497-fa195a51406b
467738,271390221,jpg,e4975981-2336-4990-aef1-646e9aef4626
324132,11217640,jpg,48aac5f0-447c-46e9-bab6-eb3f3829c121
60472,18920868,jpeg,294d5df7-4c2c-45b7-982c-249d5597f729
1416568,18492658,jpg,0ad11d6c-6340-4be2-a041-3e1e8cf3011b
360902,9511915,jpeg,65ee939c-0c90-4756-ad0e-85a3dd5a59fe
466305,31212017,jpg,8ff0baca-a4d9-4ff7-ac85-9330b6a05e30
204846,37531977,jpg,b130fa82-17ae-46a3-bb5a-59f7a27fb9a1
447507,12542980,jpeg,2b53c280-99af-46bd-a835-2bb53ebca734
50867,2552284,JPG,ef2f0bdb-3e66-499e-aba3-a1011582ba1d
467516,218132912,jpeg,67c5e8a2-6bc2-4e07-b864-d049c7afdf4b
214138,5542506,jpg,ca6031f4-5992-4918-b1fb-429181911502
56083,257367,jpg,3da7cb41-931f-4fcb-9bb3-8b95e7626889
319939,32086307,jpeg,0a1e1a22-c51f-4bd4-b1e5-093e8befcd81
469851,146935726,jpg,469ea7b0-ee92-40fe-a5cb-d5de009d3eae
450685,22949727,jpeg,3a393b37-056f-450a-9809-e33d20c64422
707335,146325489,jpeg,c87f9c9c-05f9-462a-be3d-ea75c2aa9afb
541898,81419643,jpg,5e8bcf61-493f-4010-b1d7-a1ddb7ce5233
333154,9819255,jpg,f0ba9445-5a7e-4830-b0dc-30793a63bc68
738294,55851947,jpg,940e6e15-7aa1-4bff-8cae-155202038205
318905,44054517,jpeg,bb8bd40e-85ce-4b98-9097-3ee1ac68efa0
94974,3560086,jpeg,c7aed621-7e8e-4ef9-9a45-17251dd9e237
714432,178062407,jpeg,c3186aa1-721a-4a0c-b8e1-74f43061fa11
214908,60477411,jpg,7277e2ff-5bd1-4d78-ac64-b3d091be3051
214958,24534710,jpg,4b314a61-603e-4890-8735-fc04ca9777d5
130034,147726058,jpeg,abc67402-2343-4564-aa45-abd0a92baed2
360836,10966920,jpeg,1778f7b9-65c2-4969-96ec-3b4c537d0aee
1071237,89265905,jpeg,d77f570e-6add-4d56-adc0-a31c84dad264
56096,15072266,jpg,81e24489-6b66-4384-b38a-ec5de92c6ee5
577756,120691362,jpeg,2418181c-af7e-4ae4-a544-cb6c0f2f95d6
215232,17328010,jpeg,5a82f3f6-e4d4-4471-b2f5-fa76459a1edd
856422,153632186,jpg,06a67a95-4f40-4bd5-b06a-5c76ebfebd82
133831,11089336,jpeg,2e989e5e-ae77-4ad3-9e64-57770c3228e6
319549,144733382,jpg,687c8209-0b09-409c-bd7f-66ac7969501f
121237,2984851,JPG,a86befbd-90b1-4f63-8c68-160fade7727f
51557,305511,jpg,6f3606da-b729-43dd-acdf-13a14e52f68c
430143,168795471,jpg,6add3a85-5d16-4314-b62a-0061b9780345
203468,82000723,jpg,4cc75930-b19e-4d84-bc19-bbf67ad83c5f
358395,40609039,jpg,ecc44eb8-8773-43a3-b052-27741a666ddd
625715,120164631,jpeg,2aca1cdc-80d1-4616-ba77-7a31292848af
386771,39362901,jpg,8ff54ff7-84ee-40c9-b478-d31833cc7299
466370,300574952,jpg,a2df52e9-9e9f-48b6-a7fa-b17598f9b017
264880,62045954,jpg,a7bb34d9-d715-40b7-93f0-1d9b909df56b
215401,44807124,jpeg,c9ebedd6-cc62-4cfa-90ba-ebab7b0c3878
856252,67282153,jpeg,72100d94-91a7-442b-a408-471de0491be2
207526,99202441,jpg,3a162b24-7a91-4e21-992f-8d94b676db81
127312,6303472,jpg,b02ecf33-dafb-4a59-9138-485b73adc86e
199410,167313711,jpeg,83820346-57eb-4266-9ee0-5c9eae746bfb
130843,8521204,jpg,c9d3daa6-bb29-4375-a5ee-93052a7e46fc
494327,140873075,jpeg,bd839fbf-9087-42a4-b3dc-046a4292291e
325773,211984863,jpeg,711d9360-08e1-4be5-9f37-858c39eac7cd
919441,255565584,jpeg,972dc338-e499-4c06-aeb4-2506fb6445c4
51824,842826,jpg,2f2a6f62-c98f-4c40-b4a3-9eb256328df7
326890,8118483,jpg,8866c3f1-a2e8-41fa-8653-e535fac12505
336708,6713880,jpeg,85cd99b7-1ccc-4d7b-a90f-1aa31ecbcd35
56552,1613912,jpg,e39c2376-a846-419b-9d0f-2ac55138f152
205221,2202520,jpg,b0891f5d-5306-468e-9072-3a2d34dfae96
362433,8465803,jpg,06e229ce-76d2-4463-8d85-d01b98201d5f
626816,47171277,jpg,1694d80e-c3ea-4974-8ebe-727ae31c2a4d
61862,1897055,JPG,7b346474-b91e-478f-aff1-5907552253c9
245799,7867245,jpg,73c729f9-b90a-41ee-8121-3466983af0d8
547841,77457062,jpeg,0e2cf89f-f342-4a53-81b4-971ec3f13e6b
786804,154208854,jpeg,0d23b9ab-65bf-4038-b3e1-0bece8c3f110
124488,2204251,jpg,a0b61df4-ca13-4b51-938c-84234114116f
61869,3689028,JPG,d38b2216-4fdb-430c-9d21-09e6b11ddb1d
409775,8645745,jpeg,5ba7e324-2ae5-4d58-9748-d85cbe1e95ba
467709,28865085,jpg,55093ae8-9b93-4dfc-a920-6cd682039d5f
469226,95203380,jpeg,1232117f-c477-4b5e-bb66-bc6cbff3a341
326598,7925062,jpg,f62ea9d0-537c-4045-b1b8-734779c33e91
364095,7541647,jpeg,407f8554-a426-4595-81b5-93a51df2a00d
52424,8547663,jpg,6a062c04-42e5-4643-8be9-f70665a71e2d
130392,13756895,jpeg,c4b38b6a-049b-48c8-a56e-735eec208e9f
243961,4378649,jpeg,ce90b414-6d4f-40c6-b6bc-f73a9b0fdb2b
52447,2390775,jpg,9edc2680-c527-4d96-91ec-7de1cc71ca66
446772,105900813,jpg,a42a9a4b-8fc7-4eff-b206-34bed45138f1
748585,205095419,jpeg,eecc98fd-e4e1-428d-ae59-d744c63cc6ba
333695,19646767,jpg,2891d027-f22c-4d89-9137-eb96d7d3e374
69658,4395089,jpeg,47394ebc-4bb3-4a2e-9fa8-dafc7b85fb8f
217219,28665338,jpg,9fabb989-bf63-4d60-b33a-8b482ba76c40
258813,732835,jpg,af15daf4-69ca-4656-bcf8-e44f0699c7ec
337089,13853236,jpg,f107ce59-a3f5-48dd-8854-4e471b11a2f4
362800,71131261,jpg,20c049e9-b7dc-43bf-ba31-20efd4eeb783
605917,98550485,jpeg,4283a01d-ee0b-4f82-8006-295e6e62d34b
51702,97176,jpg,c748dd0f-67b3-417a-b0d0-499022060192
194032,59067123,jpeg,04d332e3-39fa-410d-bfba-218f1a5c2a5d
465810,18280811,jpeg,b81ad2c1-b620-4dd2-acad-f94a24426db6
321675,5530395,jpg,7a008561-4105-441e-a344-c773c0df9d7b
433481,10863063,jpg,f3531f6f-ef9d-4a2d-bea7-a035f789bbfc
1103438,210039906,jpeg,fec5b96e-426a-4536-93c2-48c8bb655685
470124,19805626,jpeg,e7d777b4-8f7e-4d29-8c02-88def0582a03
85057,2321451,jpg,21ba4a41-1d92-49c3-ae1c-47693826837d
61429,3847925,jpg,e38141b5-a34b-4111-90c6-2f18efeb39be
318545,1905208,jpg,a96d0a5c-edde-4e65-a336-2edbcbb2c840
51707,6973608,jpeg,1b5fbec7-b67c-45dd-ade8-2efad97d3aa9
174190,16482385,jpg,fb5c58ff-544e-420c-a085-a8df9fbc2547
362611,2946733,jpg,92ebdd4e-c9b4-4660-bc75-fa3f1e81cd8d
781406,241083424,jpg,0ae050df-4c8e-48ae-83e9-87bfc261e1f8
54061,343132,JPG,47784c29-b9e4-4ba4-8f71-0a739875e603
336908,69196437,jpg,e6991c76-a31d-4f19-9181-00c5737bf7f3
416698,330022510,jpeg,a93333ed-5ec2-4f98-a031-1ea92a3e2a02
311218,29941024,jpeg,bb6d0a5a-ea4b-414d-b8c9-93d009ffd5d0
98787,58155222,jpeg,bd343528-460d-4e44-a36b-ad27c1103b51
174082,27448183,jpg,02272a39-8888-4bfa-8665-a9a54fce61f6
47153,1730783,jpg,86ac1a98-2ab7-4079-8e68-74b398a96d16
130170,6846274,jpg,4f98360f-22ae-44b3-83e8-c501d5637f06
556558,51397139,jpg,3c528147-488c-413e-be32-757fc766d5c7
119642,10191488,jpg,5439a250-bb95-436e-981e-f85c7b87e26e
324345,86893732,jpg,fa175c65-8e89-47f1-b2e4-b2b4996e651a
487447,34872514,jpeg,3911608d-af5b-4fdc-b950-f6b8569b5c43
335785,7062204,jpeg,1ffea601-b2bd-4e42-8ba5-5aa97afd9cc2
324587,4471620,jpeg,aa0b3030-216c-4cd7-8043-8ddb765bfa2f
343019,40009200,jpg,73adf582-39b7-4c0c-98d4-701117f656cf
746682,19373229,jpeg,d7aea7e0-3198-410a-abb2-5042f2feccaa
876597,114712487,jpeg,fac8286a-12ad-46e6-b916-23e8aa93cb24
451784,4675509,jpg,1031b386-9faa-4b4c-b2a9-872478bcd997
559275,75342820,jpg,31a05a4a-78be-486a-b450-cc3f383a5a7c
327167,38814380,jpg,b1765f79-7bc2-4ff4-80c1-65cf3dccbec7
526526,283076249,jpeg,310d099f-9898-4841-ae62-1842f8171a4f
437831,7955466,jpeg,ec616768-ccef-4381-9b07-b9f8b1e81a8d
550657,28400784,jpg,07cdf59c-a02d-45ad-901a-14cacdbdb761
205720,29050906,jpg,19c28f2a-1171-427d-99dc-10f979e4ed2c
128244,18668822,jpg,d8cc0ea6-b335-4cbe-88a5-a850387749e1
135239,2281204,jpg,95e3e0dd-a02b-4ef0-b9e3-b4fe838de554
205320,1606981,JPG,77253576-d3de-404f-9462-aefc548d823b
62626,1102824,jpg,470b7b9f-cc2d-444f-96c0-544a6ea6f311
552407,42295940,jpg,4eeb6cf6-3099-4c47-b2da-e52b95fc3f38
119248,8743558,jpg,4216e210-fd78-4c79-9098-855ea930a624
142778,6774626,jpg,fe044055-df3e-4a32-b581-6c5b501207e2
447928,111128364,jpeg,961d9b3d-90ee-48ec-bbcf-9af2ef6f3108
329845,21954443,jpeg,34dd1d09-ad11-4056-85bd-d8d036745a36
68912,667986,jpg,c74e729e-1971-4074-a9ff-4bf79246f22e
325266,15991508,jpg,ccfc13f6-ee6b-4d34-a43e-bf31c6382a73
912509,204637409,jpeg,a09f3b26-6bde-403c-acd1-32128995be93
546185,93842521,jpg,fc0db8df-a8e5-4348-84ca-334697b43b4c
203409,2086002,jpg,0a10c217-5ee5-4a10-951e-b94bedc6aa37
321933,11753278,jpg,55ec4b5a-cb8a-41c0-abbe-669221941fe3
127431,314630,jpg,c9becca5-4979-4ec1-986c-f59156f09110
461172,8021416,jpg,169f4ef9-1d5c-40a9-90ca-e24f9ded9516
55122,2955973,JPG,93f5d037-4821-49f8-9630-4a4293019397
504738,24018284,jpg,93316615-5aff-4170-abb7-476368e898b2
128214,16105983,jpeg,56b95abc-0670-4d85-a1e8-300665589325
452500,7955556,jpg,6b42f9bf-abf3-454e-97a2-069c661e358b
546144,222827523,jpg,8887e793-f6a0-4054-a73d-00077949fb3e
357312,42710945,jpg,55ec43cd-c140-43c0-b332-1546df5a292e
750907,4845296,jpg,27c2f47c-7acb-485a-98ef-d3d41857d256
202770,23110051,jpg,79669463-8cb3-4e5b-be4c-2855038860b9
468426,169775901,jpeg,bcbe79e4-0943-4b93-87ee-97df8ab24513
319872,5108632,jpg,20741c31-4051-4d72-b18a-da389b9b815a
55719,325266,jpg,0ee8af2f-b14e-4031-a0bf-392e9f49c741
746529,65752560,jpg,2c09dee1-f8e9-4ab5-9fad-9ff8e1cb4f06
868744,250601123,jpeg,c9a5950a-35a7-4ba1-94f8-f23b9dfbe0ed
219582,7970563,jpg,fe922a81-fef9-4489-940c-23f67969bc65
460501,64951489,jpg,e3ed3133-d24c-469e-bd1f-7a4bdf5cb511
219638,178033871,jpeg,96214e7c-c36c-4781-b6fb-63c41accdaff
470955,105608064,jpg,0246ca49-c2dd-42a6-8430-6af3d7dcb446
327173,12459551,jpg,7f674283-6739-4e65-9573-3ed0486a96c6
903829,45068170,jpg,7ed5a508-f2ab-4c75-bbc5-569d533cf9d0
118942,13081945,jpg,466ee95c-429e-4b07-b9df-111ef1fc0c7a
71196,15375675,jpg,3081707e-7840-48b8-8399-e39e3b6eb594
513784,106465823,jpeg,b9e0d74c-619c-47a3-b447-e35053565f54
121213,27524483,jpg,53bf3d30-b658-424a-9884-d4e49f91fe1d
468121,25771125,jpeg,77cc5605-ca9c-442b-9ddb-521a3afbc667
220287,14361550,jpeg,3df29fa0-56d7-45b1-b2e1-ba1f86f2963a
472957,86912353,jpeg,34ad08fd-e090-43da-983b-59d24ea963a3
709890,60715489,jpg,170b3ac1-03a8-44bf-a746-877587579ed0
468008,27244564,jpg,79ebc091-c5da-4bdf-abef-9dc8189cd8d2
326614,11897597,jpg,a4bfe60e-a3d0-4e45-bd6b-228e2764cbaa
56078,6973437,jpeg,fd95cd6c-e233-4d33-8a7c-6db2d2651b9b
354734,5408289,jpg,62641d8d-c79d-4682-a9a8-09513e64e3ca
324273,9651173,jpg,015b1a91-d88c-40c7-920f-ef097ccb6895
482049,146325822,jpeg,4bbf3e52-6301-4cc7-8553-82c37299234a
320060,3659739,jpg,361435e1-978f-4380-9cbd-aca14e417bf0
200017,1438954,jpg,65dc4b4b-8325-4481-84d4-662b08df6f59
71219,6435345,jpeg,12a61d64-edd2-403e-97eb-454b3f260ebd
71248,3184152,jpg,97d043b9-7090-4d64-b885-f1bd435ecd8d
101831,115177124,jpeg,4ca178e3-24d1-482e-ab19-f32740d2b554
415589,8667026,jpeg,c9b4ae96-cf47-4237-9cc0-813ae81ad10f
469862,172480204,jpg,abf60f2c-74d7-4c48-8608-db0cae86c7b4
133154,3702709,JPG,751e1fae-5b31-4ec3-8017-3140e89de4ac
56835,99682270,jpg,c4dee03d-28cf-4d38-a5c0-66e1fefa06d9
220920,14193500,jpg,aca81484-7b26-48ed-addf-85333d95d162
624522,255506210,jpeg,eeea44d8-eb83-40d9-89dd-ba610c75bf8d
469708,45164101,jpeg,3b48d1ff-badb-492e-b4f0-c410754f4a0c
68721,35915846,jpg,4e0430fd-7616-4100-9863-fb6d7610804f
482035,80308402,jpg,0e50249c-4820-49b2-bbbe-824b5e4e6665
733190,48392085,jpeg,34a8a47f-0e1e-4a5a-9a3d-1f3289530d32
390463,9778581,jpg,3a9eee07-259b-47fd-9dfe-1b9eae842dc1
320875,202495711,jpeg,f44aaabd-8eaa-484d-b929-7b59e8e2f74a
130127,8462928,jpg,5c57e0dc-42b3-4dbb-80b6-d087cd9c24b8
513922,53978839,jpeg,0ba958d8-1586-40bd-a4c7-6e75f0610beb
129570,1012569,jpg,9d89ba8d-6627-46da-a47c-5e9b27a9c639
326871,1949661,jpg,a116de25-08e6-4f4a-b677-a28c5ab95a22
343748,47449706,jpeg,0636d1f2-e559-4631-8a8a-5ea02320612e
526493,254866841,jpeg,6c8d64f6-4ba5-4be2-a9ee-a34f6bce53f0
474753,153840136,jpg,3a458c5d-4dfa-4a2e-b778-d573456e140f
908673,19556728,jpeg,b363a36b-21d9-42c5-855d-4e1ac895b553
221612,32277175,jpeg,901db040-3c07-4b41-9f34-0c7f6215ea5f
327185,8467219,jpeg,7753eaff-9745-4655-b95c-55528cb04868
1115664,324762691,jpeg,6de3bc23-47b9-4fa1-b2fc-adfe2d9c47fb
547330,117508129,jpeg,4595cd82-da27-442d-9504-d26c1052ce36
209083,213957911,jpeg,fa73bdf1-4b97-42d2-9ebf-41bdfcaf147d
358327,34189741,jpeg,6ec3d03b-43ad-4969-9763-dccd7a3fd9a2
205344,35479058,jpeg,467d7ad4-8b79-4a85-859b-a5d8566cf06c
468456,232627070,jpeg,d20c59ea-8236-46ea-af24-862f9737d93b
67437,3452973,jpg,2e548a39-38d9-404e-937f-3a7e8699a1da
510323,12168592,jpg,1654266b-2e72-4afd-9b6c-8591b6faa41f
61508,522529,JPG,af3c02f6-312a-4fd8-bc52-f87c7d18dc74
525948,267822242,jpeg,8eaa82e8-74d0-497b-bbea-c366da1df16e
557605,219371195,jpeg,1eeac791-a034-4a81-b7ee-1c363821edc9
141761,8218084,jpg,c00ca7ee-d2f5-4077-b926-834c0c94ccb4
51671,5431695,jpeg,aff71150-2c08-4c84-b1d6-43b462bcece5
980857,103881197,jpg,9756c464-ba09-4260-b1fe-f296fde90cf8
245870,32642196,jpg,aea4d70e-cc05-42b2-9aed-48ef501a09c8
261586,5640067,jpeg,172c0d79-0f98-4176-8951-49df16498453
307026,2797390,jpg,a8af8715-a226-4634-81a6-ea99e84f0138
324093,2211541,jpg,87f54ba7-cd43-4b63-aa67-65a97c3417c3
548965,66781502,jpg,088b23ed-d44d-495a-b9aa-130e1e66af96
143617,6451252,jpg,e0a4c90d-f57b-4b28-aee8-074e98275bdf
47493,11054007,jpeg,8dda7b16-8335-4e06-a6e0-dad019ad9e91
124150,3678329,jpeg,8fe544f5-afc4-48b9-8e74-54c3d5a98699
154449,9220101,jpeg,476fce58-80ce-4e9b-8986-787584268f9f
578767,100231968,jpeg,0d6c0b5b-0a4a-44c9-aac8-b7c23fd9fd06
391478,101281680,jpeg,680c5a0a-92d0-4e05-81bb-b36e92f289bd
208049,235301844,jpg,eff59be3-21c3-4c00-84ea-41afa37e0d08
1158040,251738225,jpeg,1347d7ca-4065-481c-9613-f56282ef8d50
521452,98390893,jpg,000faa7f-50df-4e50-bdba-730d441d690a
466441,81459444,jpeg,eb12927d-ff3d-43b5-8da0-ce04928fdfe9
57443,273334,jpg,58e7294e-6af4-4777-846c-cefe3764b939
636852,311531410,jpeg,910a5694-ab44-4300-9ad5-2ca396f17bc0
55356,10618414,jpeg,ecacefaf-89e3-4605-bc4e-70e2fe3ec1bc
223680,2839610,JPG,641c8ce8-e9a5-4d91-9a32-bbda41c71217
468117,31999044,jpeg,fdc4ce77-f0bb-40d9-8d7f-a362247c04b8
559311,38330153,jpg,802aaaf6-251f-4d30-8a0b-8eb35a4a9660
130393,13445272,jpeg,b427ced3-2dca-4f33-923a-828187a1f8f0
122234,17926415,jpg,6ffac72a-1eb4-40c6-9e3f-6ed18b4eccdd
207530,60632247,jpeg,6fc6c57c-c045-4acd-9bab-74af582e8530
470093,36281070,jpg,d7d6ec4b-58bd-4b1f-a54b-aef20733ddfc
203415,6656632,jpeg,b0bbe020-bf7b-4f9c-9bcd-4af9a80d7b2f
451684,80734095,jpg,f5c02787-da31-4486-a04e-8c574b4166b3
922447,277071477,jpeg,ba69b4be-b946-4325-82f5-08e6ff04fa52
151792,6103065,jpeg,e2a60410-be3a-4cdb-8c9d-886bda7c85bb
61749,1350741,jpg,7a9923fb-f1a5-4695-9900-298f1e6c107d
128824,826607,jpg,3f9be4f5-3028-4a0d-aebd-f78371769f58
501467,19102240,jpeg,6af9fc5b-d7f8-4a6d-9abd-7327b5d52d23
47802,398786,jpg,37728ee0-2433-4579-be5c-216ec5c35fd8
500403,137748380,jpg,811da9c8-354b-4660-abcd-072f445dc280
207527,23649158,jpg,162ee4b5-c50e-483e-9504-4e5932013abd
903515,201649027,jpeg,2ec37e8a-49da-46bf-9a16-826619d9db36
712462,252078350,jpeg,c9297659-3cb8-4028-92bc-2ba96676525e
56293,1807840,jpg,f8cd8d1d-57ba-4ad6-9ca5-aa6b288343b9
105048,126996206,jpeg,563e2e37-6a1f-4d56-937f-b4570cb90b1c
127506,2274163,JPG,51ae0974-0a53-4900-b2d6-f7c72329e725
326491,7813663,jpg,081c6a4a-7c05-4da7-9e7d-9eb346875557
53905,166862,JPG,05e46014-2bc1-449b-8ea5-65c715eafd4c
338651,21022542,jpg,a8c7f1b3-5456-4ddd-80de-b801215986f6
447672,121354573,jpeg,524b80af-0628-4f11-8a58-2a78cf264443
337733,130938854,jpg,8fb253af-577e-4107-af70-7b9623d55ece
511381,185227733,jpg,137f4447-2c64-4071-8514-2c65afd50c3d
342608,8588988,jpeg,5db20cab-a00e-4f7f-b84f-da59510e3bdb
709180,122535729,jpg,d60491c8-ef72-4d89-9f91-ceaa206dd98e
82109,3297229,JPG,63c8f0c9-340b-451b-8421-be1d6a95a4bd
465445,165137487,jpeg,a2b350e6-79ba-4559-92a7-b8fbe3afcede
333502,2674227,jpg,4dd8a5f1-9449-4086-8918-fb13e31df9b3
558690,266012911,jpeg,0dd0eb86-ba7f-490c-ba51-17c68013752c
1308091,233818468,jpg,92719bac-65f7-4b17-8fd6-960724e65bc3
949036,215551292,png,10c00c4b-bea9-4c03-9047-679ee1ea30ed
451781,28756812,jpeg,12c495a6-0ce7-4f29-9524-825bd59df55c
437909,8450028,jpg,863a4978-9480-4396-bdb8-dc438bb9161b
131825,47694069,jpg,4fa117d1-cb2b-4cf7-a2d1-268b962c24d6
210299,50500011,jpg,20bdcede-d457-464c-a72f-747d54366974
118556,2886407,JPG,a8deb5b3-864b-46bf-918f-7ab09a21b202
549960,40646433,jpeg,bd76c7ef-b515-4fcc-992b-066a947b0f79
789022,319830738,jpg,cb1b2aa5-9419-4f69-a8a5-2ccee296c435
121766,3820410,JPG,4e2b24a2-20a8-4600-980f-8452aadc1623
364111,31303196,jpeg,39acb968-2d0f-4c98-97d5-d9851fe61073
123942,293977827,jpeg,4e1168ab-a440-4c99-b2a7-f3ea52c7b3de
486982,40902713,jpg,50900146-c3c0-448f-bb41-b94f62fed991
344870,13686400,jpeg,ff697f8c-09fb-447a-8939-8bf6b778c391
886234,131314769,jpeg,3c69528a-401e-4017-84d5-bb6547e74969
244644,8218651,jpg,57a31634-5ae2-4f69-b4d5-097b929eed39
356403,8520906,jpg,31315713-c5a8-4734-a6df-81ae221097ed
55746,156197,jpg,73aec777-4d41-4d1b-a838-29bffe43c053
320101,17651757,jpeg,ae5273da-4009-4ce7-b566-cc314d563cef
962054,245065221,jpeg,e134e742-3f21-4612-81be-27f009c46bdd
225223,5974605,jpeg,263d537a-45fa-4045-8f99-47eb1f0d5994
496687,41660453,jpeg,d616c014-9abd-4c62-8abb-ca24875b2d41
555495,28722432,jpg,42ee70dc-4b55-4799-8522-3f3573291a8f
225311,112982374,jpg,878faf20-c9ca-4f25-a9fb-56b6499a0458
371928,315855330,jpeg,72dd8c81-8532-4689-82f0-7e5fe1a8fffc
712159,47099986,jpeg,38734863-e946-4cad-9497-636bcb839278
470347,81614588,jpeg,8b0b34d7-1b52-4596-a3a9-01168b236350
425406,248736044,jpeg,c29d15f9-731d-4320-9cf2-0699c8f2db32
48612,67569531,jpeg,755a646c-6aa2-4a21-8d99-ba8b8bc8c97b
127810,147833650,jpg,b969eb4d-380b-4a66-b1e3-dbc17a120e33
326757,8094652,jpeg,1a61cdaa-4f6a-40d8-9ac2-3eff735853f4
336978,88248831,jpg,908925d7-62da-40ad-9f94-d0a2c4b9481a
451367,64645913,jpeg,d877d411-d3b2-4d0c-a698-e6534fd0f070
362296,5499256,jpg,4eab46ce-7656-48c8-8a7d-60343f98533f
70137,87522700,jpeg,f643e14d-0d0b-4b44-b6ec-53c59f14d64e
343354,19687736,jpeg,fb8703c7-ade0-4f16-8877-b098780a8a24
490815,107297217,jpeg,d426fa41-0dbf-422c-be68-431f7e41fa54
120956,6822665,jpg,fedd847a-ac70-40c7-ae77-1e59a03f160a
133020,4044472,JPG,1fa70798-2e4d-4289-8af8-956a62b4d08e
225815,1283259,jpg,b5d4e1a0-5193-4fd1-866b-5695d6f57eb6
225916,56902378,jpeg,067a98ee-47f2-4b01-a285-a858f399eb8c
225935,107814158,jpg,a4a0d1b4-e9ac-4acb-a27a-95ef1b407bf4
734712,45557971,jpeg,8e1a723d-3270-4161-a2ec-89841cebb4b5
84521,12734258,jpg,83fb41a7-52a2-449e-899a-ca46def6c786
81687,267198,jpg,000be170-d453-4a8f-a916-7557ddfe0187
547326,253870281,jpeg,9e3c3eb2-e70f-4df0-a3a3-b9fc079738f8
56554,60781793,jpeg,8ed27887-a713-482d-8d42-db541cc6b433
131885,43255175,jpeg,38af99e5-eb38-4725-af5e-ca04ebb2cca5
557066,67752900,jpg,04e8e220-0595-4495-ab85-4a1c97320fc3
326632,106827842,jpeg,2d871cc4-5881-4e14-9a8e-4cad6b2a534c
61781,668875,jpg,09f6518b-a1b5-45a9-b5ea-25d98b19d748
1086497,327161091,jpeg,8e2eb549-ba20-415e-a8cc-71013a44bbbd
469904,316519526,jpeg,68e86b5a-8be8-4aab-bc96-edafabade22f
546312,73932616,jpg,4688a344-d199-4cc3-a0e5-23daf961b503
53869,1090902,jpg,c64e207a-16fe-4be9-8d0e-ea7b73d5d762
416811,74078880,jpeg,d603ff99-6c73-4e1c-97a0-c05375cd85e3
332307,9274576,jpeg,7c9cce17-5599-4c78-a27a-3a230af4c1fe
226250,3899855,jpg,e9868bbc-94df-486f-923b-bfbea1bd38d9
61844,3614226,jpg,f2d2d5b5-4a9c-40da-9738-aea4183676bd
321374,4660341,jpg,796547ab-e7f5-46f3-a113-e6f513a5cf95
606942,271634250,jpg,70a28ebb-a492-46c8-8219-23ea9707e012
454883,78520709,jpeg,c67b158c-75d9-4419-90c1-afe171f67218
548785,58469366,jpeg,66804d54-f8e0-4769-bb75-137f91f30d58
205191,6994622,jpeg,4dfee89f-86f9-42aa-812d-26bf92679b58
48284,328984,jpg,2dcbb6f9-34ca-4d96-8665-7944ae06f81f
132663,4319387,jpg,42b06300-cdff-4d9c-982b-ef288f8e673c
416684,180011887,jpg,718909fb-468d-408f-9432-86ecbd7f56be
132308,3505442,JPG,f384ecb4-8a10-4a6f-85ed-0ebb5991accd
176239,39537646,jpeg,02931753-fb07-4e09-b759-12fa9b48a4f3
554438,48865828,jpeg,a648556e-e7ca-4a62-af13-0239aa569afa
544096,114747017,jpeg,a0263d18-74d9-4b8d-9d6b-ac409da1c000
856314,137754658,jpeg,25830b41-0647-45a8-92c0-2c4a820392a2
520505,28214150,jpeg,06b09723-1f5d-4f81-96f6-405bba4e1a3e
176258,68456569,jpeg,4c6bad52-2955-4735-bcf2-2bce9880249a
209661,7473778,jpeg,c1e50c0c-2edd-4ab9-a08e-f8343e28e014
326355,19029273,jpeg,14f03f18-456d-4524-88ec-b34d6c7f90f8
68328,842961,jpg,4f292e51-0077-439a-be1a-49c8941da52f
497155,80501153,jpg,b084e8eb-a9c8-4e87-8187-65c3e9ee2841
62060,1106044,jpg,e866bc22-a3d7-4de0-9684-5b1eee9daad6
51699,3868267,JPG,8408fb6c-6fe6-4e1a-bfc9-9e7358a76d1c
56529,743094,jpg,c4f339ee-1d01-4111-8631-29c873d6eee1
494353,126489836,jpg,feb09f31-b3e1-456b-be67-b4d42f9d46c5
482038,119699413,jpg,cdb3ae01-9d8b-4611-912d-fb4f5ddeae0a
566178,187563206,jpg,238fb564-d8bf-4de0-84aa-3651a0a875a8
70401,52942359,jpg,7909fa13-ea93-48f7-955d-4487b4bd892f
321532,59258884,jpg,cb1a9009-fcfc-454e-8318-7fa296c6c85e
540980,64486015,jpeg,2ac76bc1-a2ec-431c-a7ee-2ad678182c04
624420,268255841,jpeg,017be045-e19b-4901-a12b-2f1d09e8d8f2
297453,30263376,jpg,acfc97c0-be87-49ab-9899-0d1aa4600075
83459,1101221,JPG,01775977-5ba9-458b-934c-9773f66816e9
703175,114423652,jpeg,af19fe87-b89f-4ba5-b0f2-c969240c91ee
308174,87005164,jpeg,e36364fc-eafc-4e18-a856-542d0e5d8f39
503857,199111584,jpg,3614f8fd-333c-4a81-99d5-26bbb8af800b
341628,109312065,jpeg,4d26ce5e-73ec-48ed-b1d7-c0291a1d451c
504993,194925267,jpeg,96294686-0c5f-415a-9a77-5ba85d0f60b7
84644,490149,jpg,82b7af02-21c0-4b95-be54-9fb2bea3a3a3
55361,2328918,jpg,101e03d7-3876-4f76-81d0-277dae0a7a7c
1016216,23951647,jpg,4bae3386-2ccf-4ce7-948a-048a2774094a
524652,134620025,jpg,3c8a2f95-08fb-48a9-bf53-51af25adee75
56189,491432,JPG,31bc3782-93bb-4859-bdaf-c384e0e82374
143529,6482543,jpg,377f35ac-fc3f-446c-a65e-f69245374ba6
227754,3546381,jpg,e363cb2f-4cda-4676-b8bc-293356d749f5
48292,1560941,jpg,54d17753-6dad-462a-8b77-cd95a4b10675
865359,103373455,jpeg,a4e441b0-5c23-46de-b1cb-17adbc384745
362281,3544901,jpg,2c5abe78-bbb9-46a0-8ef0-56e294ec8590
334334,8662149,jpeg,83864601-2ee0-4a09-8108-1b55f3a7cbf0
69629,5922518,jpg,2334e6b6-27a6-450a-a836-191b0dd1f84f
55560,49508277,jpeg,f44efeda-e7be-4a94-bc92-4cd9393ad5ad
55626,14344,jpg,63128d42-ccf1-4e9c-b17b-167a8edcb95c
631042,120432230,jpg,66a39eb8-3a80-4466-a956-ade64972a0cc
747874,136339569,jpeg,8dd704c6-8b9b-4ee6-858e-f8de8b9767b0
55787,1670554,jpg,125eeb1b-840c-4afb-b814-36d1cb4cd733
549915,114042806,jpeg,76b60d40-5b2e-4e00-8593-8cafab444f90
205749,35143211,jpeg,2f4ccfb9-9dab-4bcf-9ff1-d89c012cbc81
109650,948749,jpg,244faee6-f443-4e29-8f0d-e38bee12f15b
62005,8034237,jpeg,6dc0f4bd-0d0c-411e-8560-6c53077f6ee3
317906,26567940,jpg,512b1f37-38d0-4bdf-bbcb-4d8b74e889a8
490806,91594779,jpeg,10aae1f5-f1ca-4789-a367-278d82c2d5ae
483920,221555101,jpeg,17ee511b-c3b2-4482-984e-3361c8527e2f
126765,512908,jpg,785b5688-1caa-4d71-a73d-de27b734a9e5
207912,30446464,jpeg,f39c0ec6-8d85-49b9-a56f-653adbceaf70
451398,19864449,jpeg,9882192c-8a97-4482-934d-4e83b54143d0
84640,199643,jpg,9791ab87-0ede-40b6-a1e2-7da75aefce25
448298,15474415,jpeg,d608beaa-bbf9-454e-a3e2-c211430bb70a
127612,17581824,jpeg,02bb17f3-9657-4595-ac76-35da9d9a6a88
494559,2124942,JPG,372b3009-2e6c-4da1-80ff-81473bba3767
55641,457097,jpg,b6f01071-1556-4ae4-b7b8-26c54f64ac4c
1102814,123154338,jpg,ed87ca01-ed3f-47c5-81bc-50729d9f627b
483930,78645473,jpeg,4004f7b9-f962-4eda-8047-4b5c7d8a6de1
133872,14006505,jpeg,95145a13-d7b9-4a86-955e-e8c2a406e4c0
336995,79898384,jpg,2382796c-54ef-46a4-8603-4bff48a135bf
505411,296296935,jpeg,4ee63978-5c0d-482e-971e-03e80dfee6f0
122238,327503,jpg,3fbe77d7-17a4-4f4b-9a12-fd8f78e22c25
781005,79732773,jpg,b2335bc4-cf6f-4839-bdac-389e377f80c3
324792,33132035,jpg,5acd214f-55fc-4fbb-9a60-4fd601cce184
1021899,247654229,jpg,cde1163e-9b7a-4580-9149-bfa5d521b2be
760202,270984196,jpeg,97d60bac-4210-4306-b501-92c68901b1ac
141763,58303302,jpg,154f8983-e8d3-40a8-bed3-cb1ee981f128
476070,81585396,jpg,d225fe14-3176-4b91-8d84-9febff2bd8c8
704734,202644075,jpeg,832d7083-aaaf-4f43-aaa1-4e39a42d2fe3
501625,1970493,JPG,97c42fce-9a4c-4480-9955-44cea89059db
905036,217645901,jpeg,91b441b7-fb9b-498c-85ea-25d22f1cb0b9
522492,205008577,jpeg,6f95fbf1-e00d-4d6c-a8bd-ea7b60733fb2
712461,57973930,jpeg,3530d0fe-ab0f-49c8-b756-871dcacfa242
318908,52989254,jpg,e218a312-a2ed-4c41-a720-296a55247a67
61413,2062280,jpg,037d7f70-ba17-4abe-9ca2-7baf2e530ec0
207696,18891277,jpeg,61e666b1-d8e1-4dab-b9f4-a9da687c4f50
229302,178240090,jpeg,811bb9b6-63cf-457d-a05f-6dbf843f0846
418158,40137412,jpeg,4849c37c-5186-4591-ad2f-8c9f5659a16f
199870,507111,JPG,1249fd56-b0a4-4649-8d6a-7d91f51b26e3
154231,11781945,jpg,384cb52a-126c-4176-a4c9-6c861328f60a
61517,3679388,JPG,b6774581-07ab-40db-af53-74711bc49cce
55610,1085050,JPG,22707e7e-e02c-4376-8843-af5a49d3ee80
622770,60897058,jpg,00085418-00ce-459e-bad6-012de2c4cccd
56521,2496854,jpg,1b812e68-c8f7-4716-914f-e9cb5de0e2ac
1425534,169614048,jpeg,8cd38f82-d601-4808-8d7e-b637abc223d0
321826,2837429,JPG,26905ef4-15eb-4b6c-8938-fc4abac4ac74
62456,1753695,jpg,e7857e45-d05a-4ef0-b950-a15c4fc25834
484658,63666023,jpg,22d17cab-d7f8-4bf4-841e-12898ae1e342
141731,6950790,jpg,711b0dbc-1fef-4d8d-a95f-6b4fd53b9e06
297378,124071788,jpeg,dc9cc5aa-cba8-4cfd-9eb0-f18d0c236781
499934,175129167,jpg,d2a9ca43-b2d7-4e9c-b235-2aeb7913fbe5
639211,321857862,jpg,192737bd-c52c-4d62-b8e9-77ead3a55110
62321,2000798,jpg,3be28bec-ccb5-40ca-a3d1-46a796ddb6b1
318796,182197842,jpeg,373d305b-edd4-42c4-aebb-fa8fef518b3c
541538,38314752,jpeg,4795852c-dea9-4902-a76c-0a5f4b026f73
68901,491995,JPG,08ed6140-8684-45c6-ac32-72dffc8826b5
502160,72374910,jpeg,ee9b940d-49ec-462c-a61d-9a65211c522a
59346,5484327,jpeg,9cc0798f-b81b-4ad2-980c-7f9172af8ed1
203493,133656920,jpeg,2b4d692f-de31-4db1-b4f6-16c27655e55f
132718,640711,jpg,cd4296ba-5cc0-4004-b361-8f8e9773c301
230507,108982746,jpeg,dc31716d-5481-429f-8d0f-9527e32f20f0
707301,137718415,jpeg,7329a42c-186a-4e4d-ab14-489d76fe14a3
230519,236286254,jpg,e8f9a34b-3ad0-4c33-ad30-dcf1c85ef92a
345532,5825428,jpg,7ab659f4-77a2-4980-8863-11b7dd7c0d8b
334614,22570851,jpg,3729293f-4b18-4a3f-bdc0-3532a79eb390
131031,6077370,jpeg,e295a75c-ef8b-4568-a820-069d64b62e23
128145,3325916,jpeg,03d4ca72-a2a4-4681-a3d0-1175e15e9c61
1305691,245120729,jpeg,7f3eabf4-d139-4ef3-bd75-203df43de1bc
206295,3264745,JPG,42c46b7b-b107-4d3d-9784-f9bd0e92db5d
49552,421248,jpg,d290a7e1-c1aa-4a70-ae23-77e103ef0689
230748,26967385,jpg,37dba931-4e9e-4f80-9c09-191ee725aa8a
57450,5027231,jpg,9cd9ca8a-2835-4716-9014-dae6bf04257d
320827,18273973,jpeg,1987e043-f1e3-4701-8f26-2b8984149e44
783872,177795051,jpeg,b3655aa3-a01e-43bd-b3bd-1c9ddcde19d6
203329,66174735,jpg,8bae9cd4-9016-494e-b6c0-fa3926e4c8ad
451393,137012034,jpg,5401dcc9-bb95-412d-8e25-5dada75ef725
409097,255085635,jpg,c4773e0e-c905-4271-bb29-e7656928b894
416524,131892167,jpg,b8fe6cee-b8d7-4630-8d9c-106b5bda44d3
354819,9196722,jpg,d4c190f3-b0f7-4e9a-b60c-a0577338cdad
319948,127975056,jpeg,cc5418b1-a6e1-4521-8f99-26e6534c5c2c
70175,10231389,jpg,51aed804-c570-4325-9caf-283c883bcd86
168927,156795034,jpeg,7952e2fd-ed94-4ca3-a5e1-7a5d929ecae3
624508,104950044,jpg,2821a6f2-5888-4f0b-a4cb-caf876336c5b
1067653,92122427,jpg,b1fb5e30-caa6-4613-9551-44073e8aeb69
525943,244126190,jpeg,c1690a79-42ce-4aa3-bd58-0a674cf5dc78
363245,20620036,jpg,2a3dc3f8-91d6-4916-bc1d-ec91b0c4b852
296715,119497727,jpeg,3af1fb88-98a5-45dc-97a8-c4bda5dacee1
296640,70776273,jpg,21f05e52-ead7-45fd-899a-c8abb04ceb93
624336,80735837,jpg,2f0dc0d5-b886-4bc6-b936-7128f08bf9c9
829395,290899255,jpeg,e081ed5a-1bba-484d-a397-7a1cd63dfe18
466438,25815271,jpg,4ba3eb5b-8e15-446e-9166-a3dbad2e7801
204720,42890319,jpeg,64de1225-6bf2-4054-8158-aede95de4250
366894,1748642,jpg,d095736d-708c-4dc4-bc1e-d9430272429d
735484,46791191,jpeg,c5744833-f3f2-4562-abcf-22331cdf9c23
339411,48596934,jpeg,7a36559b-56ae-4bc0-9fdb-f75b74335d25
752818,302170781,png,d9da0f75-3353-4982-abe3-d083ae2a5933
326655,5156877,jpg,cdcf5c8d-ec6b-4179-8003-56807b23c83f
336996,176176326,jpeg,f2095466-f4a4-45ec-b503-89cb60464bbb
343752,16106215,jpg,b69d2024-c302-479b-9a78-193b571febe3
471969,43827196,jpg,d43b61a2-3980-4b63-a43a-e76f401dd312
232053,118597827,jpeg,67093e54-3663-4be7-a775-304be67da68c
52591,3869760,JPG,2ea0feea-d929-4266-879f-dd3e8c2ff961
547019,38084705,jpg,2664c99f-c621-4635-9cba-8aaff5266c76
780656,59801350,jpg,ac6297b1-b2f2-40bb-a970-3773ee9ff49d
482059,185783293,jpg,fbc2494f-ff09-454d-923c-cfb1d0a9162f
488343,251748337,jpeg,66265e49-49d7-4070-9b98-8e7795f3f7da
765761,91265762,jpg,732b29ac-c349-4ead-907d-04af9e5a787a
538124,114663227,jpeg,a60d2c59-d982-4efa-97ab-5ddca7a72c62
481158,56450574,jpeg,c56dfb61-d55f-4545-b3b3-b060d23dfe68
129129,6855437,jpg,7dbf706f-e713-4d3e-b4a6-79690f092205
785888,164751769,jpg,afbe0ea5-cd34-413a-9792-13e6593495f2
133250,1098430,jpg,ef369476-4986-4aaf-a1a5-90deda0aa2da
133767,9481241,jpeg,6b4a451e-4ccc-4c52-919f-dace67870066
362410,48545094,jpg,cc9e8088-1161-4678-a27f-8736679f422f
153777,9942067,jpeg,e0525ae9-d22b-4157-8ffc-d6cdcd575c92
123022,4327859,jpg,809ff6e5-502c-490e-8c0d-def5bc688a2e
703310,110919296,jpeg,b8d87b81-a589-4e8c-aeff-c09f54295cb6
483176,85614199,jpeg,a3f6c266-d8f2-4584-92af-063fa224d347
462041,9665669,jpeg,5aa6ee7c-3e27-4adf-8062-cb713fd22f85
805234,116177890,jpg,a456ef72-a355-4e33-a7d0-6153bb580554
459194,89039615,jpg,4ea9989b-7351-4931-b744-03cdbaf4b8c5
604483,85195582,jpg,b5bfff2d-a96b-481f-892b-ba454116ec2a
61917,10093644,jpg,fde361ee-81c8-4368-8269-b14652eac5f0
468692,50438846,jpeg,8bd177b6-d81c-4692-94f6-d19175c7d9cc
472617,37708149,jpeg,7c88a5fd-6afe-4ed7-8c3b-dcaaa36a341b
203479,2139559,jpg,b8acd879-569a-4374-a8b9-c87779642080
324127,55490494,jpg,69f94570-683a-4efc-9e2c-519a96da3b5b
55048,3969745,jpg,d1e685e1-9a80-4774-989f-b189bc7ca728
398313,6949148,jpg,3d8c33f4-9e42-4a93-adf8-b2796466581d
372465,10755743,jpg,c23d3f75-b316-471e-afdb-5fedcb4afc05
461806,2290671,jpg,42423311-721b-492b-a2ef-26db1cda58de
60408,62132206,jpeg,33392075-72c5-489a-a9dc-df4a7271d72b
706328,53748346,jpeg,1e561987-e4b0-401a-885e-cb6e01ae496d
114499,43735421,jpeg,50bf5909-61af-46ca-a3e1-dcebc98dd794
57839,14536264,jpg,7b165522-6b03-456b-9a29-952ed6bd7af2
606937,86178542,jpeg,6cd0384d-f056-4366-8aa3-039f3e1f16c4
233070,42665131,jpeg,a183dfd3-f38c-48e7-b49a-00284bfb566b
338542,24169879,jpeg,8acb1431-fa33-4c99-a218-541e0015b481
354036,2772931,JPG,b8b7f505-1e25-47b0-9eb1-93a4ec88c144
308601,208824090,jpeg,12494770-ff0d-4e8e-af99-abc978caf3fe
210228,163833439,jpeg,c6195e22-cabf-4531-a5d0-59dc6566f980
143615,446915,jpg,84fa12a4-28e9-4168-bd15-f1106e6f1c96
372517,9335579,jpg,0b88bc03-7852-407b-bc92-738eaa2b4e64
51560,10216928,jpg,d5d4da7c-d853-49da-a5f7-a97d07fb6230
63066,5877119,jpg,50f4f012-eccb-481d-9c8c-3978d5b9b031
308612,12487302,jpg,f92acf0b-cc4d-4bbb-a799-253d837776fe
49133,19663,jpg,3a798cba-b7c0-46e6-99d3-daf42edf01ab
194693,23017552,jpeg,893fbf4c-03e9-4928-a976-145f211aac6a
465598,140424416,jpeg,bc06e84e-21ac-4c08-b418-cf00367570c5
339899,59123971,jpg,775d6bf5-fb82-4f32-be41-8231ddffedd2
371688,105076449,jpg,a7db6cb9-b850-4ac6-bdc5-a9525d7bd261
453470,79046253,jpeg,38843961-a377-4c0d-95cb-33f336659624
417954,42766020,jpg,432759e0-76f3-49c0-86df-5d0b34fd1726
486031,89542220,jpg,9a6460b1-79ae-4733-bca4-d93cb0cf96d5
775763,47699318,jpeg,f23ad7b3-c0a7-4c1b-96f1-e6d475323bf3
473191,78200061,jpeg,bba2789a-1115-4d35-b751-ef488b8da16e
324630,2138559,JPG,4f655e9b-d769-4129-889f-130752b330e6
207523,2177032,jpg,624e6be3-485b-4d2d-bcd0-3132aad6f397
321916,283456039,jpeg,6858581e-8e22-468c-8e39-9e9bdce299e4
360548,134362562,jpg,e9ffafb6-5460-49f8-8d6b-7017d572a0d1
127112,2562539,JPG,3bc3619c-0e88-41b7-9f97-433a36c9c74d
82108,4178807,jpg,17fdc5c2-5a4d-4b74-a0d6-dc3fb0b17379
155279,2168771,JPG,a309ba87-d2cc-4702-be57-55dcb996997a
506264,3077058,JPG,48ebeca1-453a-42e0-851b-74fc924dbcbd
176866,12753404,jpeg,ccab411f-96c5-4d1b-ab8d-c72dbdc2e9c3
153969,37853610,jpg,9d7375d8-512b-4c9a-9c1c-de4ecb0cacad
1130836,158760728,jpg,ec88691e-a7dc-46e7-bbea-11e69ace5a52
265111,157861569,jpg,3e26add5-c11d-44a3-968f-e53a6d664204
213878,265378080,jpg,8f7d844b-9340-4cae-8d40-77d9a58670c7
297817,148682100,jpg,b7c8e1c3-e61e-4cb4-8bb4-a8b3d711dcb8
94658,9474178,jpg,4ccd4023-3564-4c83-b4c9-be32eed3ec27
231383,136416287,jpeg,2f391138-6f75-4b48-a6d5-77f0e0961a9c
1089153,229667171,jpeg,cd2870b0-41ea-4c70-aa41-16470385473a
900156,105417866,jpeg,c0224923-b55c-4211-b8e4-a6e5422b7a6f
471670,47631224,jpg,8011c564-0274-4495-aebf-61e11ccf0bc0
266302,336725803,jpg,65d63e70-232d-4958-9620-0a937a0a28ba
395333,6592344,jpeg,33de04cf-c749-43d3-992d-bc1d9fdbeef6
1005701,104646099,jpeg,3bec78b0-95a7-42e1-a7e5-8b9d50bfeccf
1075680,260026252,jpg,17de0df4-8ec6-407e-94bf-aef84f24b2ac
114071,60086616,jpg,5e0ebdaa-2f31-484e-8bf0-4bf8a0d58195
215679,19286622,jpg,347abf2c-06bf-4ade-8ef7-0e6551678af5
213640,199555354,jpeg,d2bcac74-36b9-4202-9632-48921bd16baf
326723,17763415,jpg,f44e87e0-8a2c-4155-baad-067d7b4ddeca
212982,181957521,jpg,3dd630ca-459b-4640-bad9-e49a2321f7d8
264756,312758035,jpeg,f576db06-7359-43f1-a95d-9c92bc0176fe
484773,258614659,jpeg,517661bc-559f-4083-bdab-479256b078e1
207917,260530,jpg,5192dd86-6efb-4ed3-a8ef-07a9cecfd3a7
1032537,264004546,jpg,9aefa007-0f6d-4116-b812-e0e73fa3b32c
129898,3844684,jpg,fc961163-0cb1-440b-b1e3-13de176604c8
216895,179680338,jpg,8fca6709-06c8-4441-825d-f049aa8c1a1b
1154643,106030153,jpg,f4812668-5eab-44f5-a16f-62ddfa5a0091
343375,15341078,jpg,9a79bce9-0b32-43c9-9690-43383ef1f752
564498,10639027,jpeg,e78fc3a4-af21-4f9d-ae05-65612aff435f
307352,179134368,jpg,5975d721-4854-4bd0-8baa-6570c82d5ed8
63287,454023,jpg,7fcd705d-d2ff-4e84-afd0-d5e055a90454
294366,305624070,jpg,3403a4bd-b663-4b41-9ac6-60f143f1db87
855261,38364453,jpg,2ace3fbe-ea8a-4cbf-af80-fbd0cb2b2ea4
296579,61931615,jpg,4f17639b-0a7a-42a1-890e-a2ed76747c64
212213,69314674,jpg,833f8c7e-9013-4cfe-9827-8304976f398b
1029666,176056658,jpg,004b0289-bcd5-41d6-92b2-0d40197442c3
393326,57564205,jpg,09db48ba-a0d3-41d5-9af5-4638079ae8af
393462,315878810,jpeg,983120ef-9470-4317-a216-e6c057d1eb07
348362,2972598,jpg,15f04e43-7224-4b3d-b299-4796a28d728c
388744,162579791,jpeg,679dc03e-fa04-4efb-8695-0745e9e665fe
311610,183222660,jpeg,4618a90c-de8e-4f74-a705-fcf00ddc018b
1041567,105563595,jpg,783e14b0-c952-46ee-9cbb-5be67876ed72
1078078,71501919,jpg,8ed89239-3230-4aa8-a318-73af5f7fb63e
154820,19942758,jpg,8a8aa679-cf96-4467-ad69-0e68caf7e5ee
627873,142653528,jpeg,ce6d4b1b-33cb-4dbd-90d1-52fb7c76bed7
265099,251031573,jpeg,01884fce-597a-4d56-92c4-118d675e5fd4
113566,62260382,jpg,2fb80458-784b-4483-92a9-beb6263b3282
625964,171314619,jpeg,9ac6ccb0-36e4-47bc-9496-1a211b422686
409964,13304575,jpg,65f51afb-171d-426f-9d69-3431902a5ea6
82518,209051861,jpg,c466e63b-3cda-4747-aa14-158cf02a93a9
213810,152816781,jpg,a465ef81-9b15-445a-ab13-9db4aa41862e
131103,176274430,jpg,1c4dfd66-5bef-4253-b9b9-b69c1d02a8ed
822042,29174396,jpg,28230626-69b0-44a0-8af0-ff94c6520047
154910,18667658,jpg,06442b80-5668-4c96-b061-28e09a7f2dde
855561,155426337,jpeg,90147949-8bec-4411-b573-3cb7afcc00c7
887197,282629541,jpeg,3d1bbaaa-11e0-48a8-aaa1-f6db0fcf7bda
49014,125596823,jpg,c671422e-10e4-4651-9989-95c989839295
270878,168370506,jpeg,17dd61e4-6305-4e78-850c-49c1a0b8f0dd
482069,236915081,jpeg,df03e916-0cba-4e68-a248-2d87c36278de
330604,3449908,JPG,4a0b7613-f03b-42c1-9ffd-f970831e148d
270921,48284359,jpeg,cdc3f355-0c4a-4103-9d9e-4b396287f88b
410306,104736344,jpg,b5f52a69-75a2-4438-969d-476d865ced45
176296,118945226,jpg,43c38ba9-6071-44d5-a168-795f4b8952d0
329926,57675299,jpg,e598d7ef-e78e-47e4-ade7-a8a2740d1160
319502,30701812,jpeg,2e27c51e-9cc1-4c00-8cbc-249de140a984
330592,91551417,jpg,621cbe94-ea70-4e8b-8371-786e693b1f20
948701,52741566,jpg,e5fd5af5-4c86-4280-a8f4-0e4b9bf7a62a
512420,67239704,jpg,1bd6a4a5-8093-4825-9c4c-0f66f8c49eae
225194,217513544,jpeg,a2d4b114-0967-48c2-be2a-298de40b0b7a
203388,12875459,jpg,fc3358b5-49c9-4421-bb58-29e03a73528a
154927,336171831,jpg,73439de2-a5c0-4c59-b19b-9b5d2432b983
50989,11928,jpg,a0ee4654-ddb8-4ca5-b28e-5afe6c7c1e79
178556,67835997,jpeg,657e5d6d-480b-427e-a916-1f7122b274ae
225998,9002383,jpg,2a525ec2-b3b8-40b7-801c-978d4a3a0dfc
636907,133958669,jpg,1ea135bf-29be-4e66-bbad-b750212a5c8e
218467,35329010,jpg,525c6aeb-922c-4223-92d5-584b09e3545e
451471,103986269,jpeg,998bf39f-0675-48f5-9d68-7dc18be71442
60921,15176,jpg,d8adfeb3-77ae-40c1-a4fc-5a0afbda4f85
1252495,180025004,jpeg,fc6b91de-ae4b-4e09-b008-5206691b7e26
219744,230398705,jpeg,1703e0a0-b6ca-4e14-a2b5-eeebe0ff418e
228139,38605196,jpeg,af7ed7d6-97b4-4876-92a6-bcbf00e6e54a
215618,210965174,jpeg,e4b29c62-00e0-40ba-89af-eddaa4a6add0
307609,95962704,jpeg,c2640561-257f-4ada-9174-37c63c0dd4fb
262519,163447485,jpeg,5aa3fdf0-f8fb-4f88-aef2-adabf8dc1487
409636,1973327,jpg,6932cf86-322a-47ac-9c63-f88a08bd4166
477196,77360793,jpg,92693cbf-0c2f-43cd-8261-dc33fd90a07f
48186,5090077,jpg,1f0823be-a492-47f1-b1df-c665866911de
471921,337037094,jpg,e07c3cbd-d643-4914-a6aa-423c29716f34
217197,204790299,jpg,2f907d83-4a5e-4570-80cc-e87c81bd8c7f
525643,26023743,jpeg,0569e3e1-db47-4848-82dd-dfaed34ad5c5
386482,32674122,jpg,9cbb2255-781f-4582-8340-2dd45deddda7
231037,294351882,jpeg,44198482-f249-4b63-bee9-a51b1d3c2571
228417,224573823,jpg,5c8d3153-b7a8-435e-8802-f2bbeb3b71f9
1225956,261908044,jpg,49b2a7cf-6b2b-400c-a8ba-3147f65cf66a
329766,82791188,jpg,a19bd56b-fd7a-4bc0-a1b9-689eee22db9f
483852,290826878,jpg,b2787c0d-332c-4fec-bbd8-6c5f0dee406f
233352,302607498,jpg,1a5be4e1-526f-4d05-9b42-2d7b1641b4e7
1084868,234166937,jpg,4a0d2400-0350-4789-8c51-b3783b0d080e
60938,136919797,jpeg,94a68213-9a82-4ab7-a432-d963f50bfb78
429847,6539629,jpg,63d0bedd-06f3-4967-a24d-f416daa58308
271150,274994366,jpeg,6e6b0068-28db-4917-9e31-2f4e8051ae80
61743,6035649,jpg,7fef79af-cdf2-4696-b4af-743d751e2344
317546,318586,jpg,ce048cd2-5ab6-4f70-814c-af6fc7089e91
548344,132159188,jpeg,1b71a1eb-5dc3-4fb0-aa90-c8d34fbea9ec
