taxon_id,photo_id,extension,observation_uuid
775126,98683402,jpg,914c7eda-9144-4d53-8195-249cca3e93cf
318507,350793,jpg,df1acc7e-6020-47b4-9a86-965085aed930
342213,1455735,JPG,5dc09d8b-0e6d-4c53-9964-2962b8a3d6fb
1468045,277019979,jpg,048ffd34-20d8-405e-ba86-e5961ff2218f
326739,1668496,JPG,6cda674c-c1f0-4b92-a331-dde227a9d331
395219,69626600,jpg,114625da-a19f-431c-a62e-87f380d0823c
1066121,65908966,jpg,f8920a96-6aff-437b-b74c-802675441fe7
155395,5327339,jpeg,1fdb8275-db8f-4776-ac28-2768289ae35e
704791,15881444,jpeg,2fe12f26-c711-45a5-bda6-6af79b9adfd0
1144238,146847912,jpeg,67182a49-631d-4555-a483-b577c433e741
55761,9609,jpg,722749a5-3b4b-4ac3-8203-0b4b5ac3a87f
546190,205858873,jpeg,9e921911-60ba-4031-8f88-1b25d105f8e6
130622,1996613,jpg,6a05fafd-61d5-4db6-9c27-788f9948d37d
176865,122799334,jpg,581f01b8-fdc3-4fcd-8e0d-029f6b800642
397210,3424361,JPG,806dc65f-7550-46a8-8a54-3240ca471564
207552,258046,jpg,1a3e4d04-c950-4221-be48-58da52e30205
394957,1383667,jpg,ac38c71c-a921-4ccc-aa36-c212f8290df8
781071,39450401,jpeg,7a0e94ac-ebe1-43e2-83c4-67244f4c04a7
416678,10120932,jpg,a2705d37-268a-4a1a-9cb6-caccc56a68bf
84693,791057,JPG,555d2282-205f-4962-be3f-df717b9f43e0
1083579,252908702,jpeg,fc13a683-eee6-4495-ae60-b6cd55399de5
976487,199947760,jpeg,9920218d-379c-4499-958b-fd510f879e77
473481,138319211,jpeg,9811c43a-63b2-452f-9d80-c771e95a2456
52519,9133,jpg,796a7dcb-0184-487d-b058-e304e271916a
484540,22351475,jpeg,16cfae08-4b40-4c91-93f2-0cefc2c982ab
525704,17266906,jpg,6bc05399-b833-4407-a12a-3ebf0347c38f
496317,3129415,jpeg,85af05c4-ae5f-4427-9072-12a2b8136c86
495160,3657125,jpg,92ac560f-1053-4501-a3ab-38013fe6fb9f
466448,5329345,jpeg,6edf78d7-8b1b-4db9-ab7e-f759160d694d
472829,1115178,jpg,886588ba-86a0-443d-aa2d-d57bc56ef4af
386273,37877197,jpeg,b7852eac-f2b8-4d10-8cd3-e5eaecd0f0a9
126630,95114,jpg,deda7c80-8b3c-4b09-a056-7ffac8e5e01b
624482,58510044,jpg,629c73b5-5a0a-46b9-9c5a-2a69346df4b0
624894,19647375,jpeg,afe6e15d-7310-4d99-99cd-3b9396446dd7
311409,1619417,jpg,4fa72aec-d11b-4d93-b9a7-79d2071462a0
737693,20551456,jpeg,ce5ee7b5-5bba-4052-831a-f968a135a33f
261737,6504694,jpg,0c8f00e7-4ae9-48ea-9ded-f0da47edba57
410464,1184725,jpg,c60d10ff-8f9b-4fe5-b340-6f658c4eb38d
55637,47319,jpg,1a0f4683-c88d-470b-afff-53256fd3fc81
780798,24925069,jpg,80f6a31e-8d34-4505-a672-5b854456117a
502652,7363101,jpg,c2646441-7bb4-48fa-943e-48c4171cdfb0
518234,3323622,jpg,27d9f131-5b39-49f8-9e07-4dadbfb59a14
494010,1934767,jpg,0d862365-77ed-416d-b9e1-e443d8f43b5a
466326,9402600,jpeg,44616486-1879-4d24-bc11-af5510736fd1
708867,17543286,jpg,7a5859d7-820d-4652-96c6-51b21da1f2b1
1349141,135545063,jpg,966df5ae-aeec-4762-a12d-02c83ddf372d
120183,64036,jpg,49c2f858-ddd4-413f-842d-4eb56d513c4d
1455945,251797886,jpg,a1378e8d-e1a8-49e4-869d-6878b87fed31
204860,249906,jpg,1e5d9efe-02ac-4dbb-a508-1d44f8ba6dfe
1016872,136911823,jpg,4157fe06-3e0e-4282-af1c-32634c2f9391
525786,5944928,jpg,ac143311-656f-46f0-95f9-7bfd2246684e
320947,2854611,JPG,13a48adb-4e23-4319-8b2c-3348f5270716
736787,20461242,jpg,11f476fe-de39-46dc-9a43-9f090c469048
1082174,8541083,jpg,ebf64d46-ca65-4f53-a0ac-f88142799bc0
622748,1577991,JPG,e1c44c7c-84fa-4d26-9b0b-13bcf8cb9c87
220292,501804,jpg,6736375e-4f90-4a06-97ca-05e152938154
988245,336343084,jpg,e0b68c62-2a5c-4c5a-85fe-b06caf2c4781
1128474,265881221,jpg,0b4c4d24-1be3-4695-b108-dce61e4e9ea7
326610,859951,jpg,0aa3f215-5671-423e-9ee1-369b1020b842
570172,27210716,jpeg,17ef9061-28cd-4f05-b0fb-3b03fc355d39
545418,7722941,jpeg,8994d87e-46e3-4d4f-801e-0472c0125c1b
336997,60968263,jpeg,afddd4fa-3448-4224-91f5-65293d804f40
522771,28620577,jpg,8f066227-19fb-472d-af19-27e37f961bec
463975,1832052,JPG,a6dec0cd-7752-49b7-aaab-e2ad0a3b9357
321705,382052,jpg,6e58a09e-af5b-45c0-b06e-523f4e546360
470095,13275351,jpeg,bd659779-4bb1-427b-9ae7-23740d52a3aa
466161,1991193,JPG,0402c238-c6f7-4ebc-be60-4269c0975865
1083422,105982729,jpg,720187c9-45d9-45f8-ad49-aa2a3be8d31c
624421,20367003,jpg,5ffea5de-83de-4f56-bfaf-96c834e1a789
984296,75413614,jpeg,d975bd6a-af33-4a69-9c89-4f474e7343a3
510327,21910733,jpg,f809acf2-dd85-4c88-baa0-cc4e51ff448b
914727,48153329,jpg,d5c59b58-72dc-4458-862d-b006857e01a7
453774,9487507,jpeg,74e42b4d-04f4-4d6b-a3a3-7fdeecc01c67
1361067,254868975,jpg,f1d3d522-84d6-48bd-ae63-03bcd47bc9d9
493972,1916064,jpg,eaad4689-f8ce-488f-89e2-1dd4d129226b
130143,314314,jpg,aaf8b9cf-c170-4b24-a5c8-9d0a28bee4b5
553166,4296598,jpg,3110b17b-9ef8-4e99-a1aa-0277059106a1
553215,32733316,jpg,31d272ec-2d30-4f52-acd6-9d86566088d7
362512,4163205,JPG,13f7b6d9-4dca-4067-a502-81d1141e00f6
993327,69533037,jpg,ac1433ad-3d12-43f6-a68c-328288210b15
261702,5580678,jpeg,ed6a576e-2ef5-473d-ac80-1ad66cfd290b
466689,7140215,jpg,e2acf364-fbc3-45e7-9fa6-a01f3ccd4ed0
1440296,250729282,jpg,36de8487-3d5c-4a0d-bf4b-9157306ba9aa
789091,170131747,jpg,cf568246-7511-4828-b276-a6ce953a5104
130408,133923,jpg,002efeeb-a727-4f3f-ab3e-ce351756e779
1000476,9935673,jpg,f7637535-b8c2-47b2-b5b7-bc6a829dfbc2
494526,3648848,JPG,1d572170-80bc-41ee-a062-1230700bb3a7
543283,5073474,jpg,1c872873-0ca3-4e8a-b79b-93207e0482e3
465450,4143033,JPG,e67da213-b0b4-4ea6-8308-1d38753f1977
416536,1311501,jpg,b2b0e47d-9e12-4ab2-98ac-ada9dd43543e
336988,112360195,jpeg,3fda6b73-95d7-4cc5-9c6d-be02047b6a0d
357984,2691161,jpg,3731f750-cfcd-43fc-a8f0-138cb5e7ea5e
467039,2244135,jpg,205daa0e-a828-4132-b57b-42f665fb284d
130395,133841,jpg,a035a5c4-e710-4ee7-989e-3d5763d90a03
361905,1654444,JPG,27373e61-1aa2-42c4-927c-ea0144b89137
126622,94352,jpg,86f184a4-f899-4a18-8aa1-16cc51ecbc05
547275,29343215,jpeg,bce7f80e-f51d-4e5b-affc-350ef72f7575
885144,68869574,jpg,b2e43553-78ce-41cf-b536-04f50bf070a8
461218,146260808,jpeg,eb03b1e9-8f4a-4ff0-8f42-fc0b5f15e902
1099837,297156836,jpg,7471686d-3fe8-4c22-a8f4-102d38902577
482029,24893249,jpeg,0ab9629b-ef15-4b69-bdc9-4768e55f8902
294023,7285289,jpg,7fc09779-00bb-4909-aafe-16cf1fecb9eb
357169,869329,JPG,857a013b-5488-4074-b27d-72802489c53d
860722,57079754,jpg,0276283e-a5fd-4d56-90b4-8974d6350d9e
628758,13026926,jpg,62896acc-ab21-4e62-90cb-bf4711182151
52506,332729,jpg,bdd6e90a-24b3-4559-83a0-fb99c3fcb605
750829,187318222,jpg,fd9e4ad7-5fb0-4a40-9f8f-a43995c95d22
950236,53038069,jpeg,fb1092d0-3ab3-4f96-b336-6fb5b01a1364
710178,8425081,jpg,2da945e2-1de1-4b4a-a782-5d958baf09c2
988153,224296455,jpeg,2110fafa-5d38-4876-ad65-84f0e9f51324
199050,3826034,jpeg,9b857ef5-0227-420f-a3e4-bc4b4ca07788
566240,9781922,jpg,50d2037a-c38f-479a-be5c-8baf042cda90
525169,194982724,jpeg,da9b41cf-0a97-48f6-bdc0-ec68c27bc320
112801,1852030,jpg,dba6fe38-60bf-400d-8644-0bfd37f8a25a
204781,1484924,jpg,2fa222a9-37b9-49ae-9d2c-fd66a3c0b32b
133207,1412754,jpg,00ff8259-5ff8-4827-a22f-5a265b4778c6
173606,7723009,jpeg,7f2a67b7-ac6d-4a51-a969-3a891090a83f
200930,230767,jpg,2b743944-424e-41dd-b46b-c3b605fb26e6
786529,189641002,jpg,0b7c20e4-2ec0-4298-83b0-ac7f92076c58
1514433,8377719,jpg,85ba81cb-7d33-4e1e-a33f-e91716b7a0d2
909252,45179985,jpg,bfd21097-5414-4716-aa0d-f481effd72f0
911284,5465100,jpeg,fba4479c-6802-4f77-b4fc-c2eee4e2c4e4
131089,4157861,jpg,18e34c90-40ba-41d0-aa59-35df1382104d
205754,255547,jpg,997c3c70-4e21-41b0-a879-b5bfa4d39ade
522061,5931946,jpg,f86e0399-ac20-4de9-b940-4e873c4190b7
1449830,270791100,jpg,c8013591-c1c4-4bbc-b6c2-70fcdbd6d658
55598,347563,JPG,5892286c-f732-4cef-aa73-da3cec08b74f
779440,49769538,jpg,2fe2feb2-b5a2-41db-b951-747bff85ac5d
130838,30060587,jpeg,165cc1fd-1e7b-4a88-ae75-3bbe44cdeff4
395155,153422230,jpg,f7603914-395c-405a-926a-c966a20a36f7
188686,4556177,jpg,99cfc8b9-cbfd-4549-81d4-cb338e5485d8
568498,11423210,jpg,fb795b6a-f780-481c-b64c-2fd2c91356f5
84508,403516,jpg,5f59b80d-ccf8-4990-a9a7-7980ceeb7c23
212213,69314674,jpg,833f8c7e-9013-4cfe-9827-8304976f398b
1048884,9070201,jpeg,6300de41-979b-44d5-88e8-7ed2011ba475
466475,8465747,jpg,55614414-fb12-4a39-8991-8c2c55663f0f
508230,60458767,jpg,505f751f-6ad0-4061-9849-3bc3d7cc6370
243567,6529816,jpg,a4ae7937-f608-4146-bcd8-2b77da0deb87
63184,1611285,jpg,3f160293-4bcc-4fd3-837b-0955b97a05a2
505623,4282627,jpg,955454c1-62ea-48ea-8f37-3f3e6368cdeb
877878,167032461,jpeg,9861352c-5e01-44c6-b72b-e8dc8f23abf8
546522,5191115,jpg,a73ee2db-7d8c-496c-b3cf-4476c4ce9002
494066,3540800,jpg,fba2093a-1525-4d9c-8f81-fd4820370aeb
917786,13428982,jpeg,dc19cf2c-8004-435a-983a-ca2ed67acd9b
60835,685438,jpg,066e3df2-cbaf-4ef8-b18e-0927e401769a
1018079,225338301,jpeg,4b92d451-19e8-464c-86ea-66f473ba5193
714173,19105625,jpeg,66edf80a-e660-4cc4-9a39-934f7edf0091
1200097,242635348,png,52c2aeb1-517e-47a2-867e-f85864895944
1284928,164790534,jpeg,a25a2555-e01e-41e9-b61d-dd6801fff8f1
505829,33908303,jpeg,862fc7ab-958a-40aa-8a96-67327e7f8910
1410799,224757331,jpeg,5765b313-541d-4fb6-9a27-9d976a9227ea
318911,8576152,jpg,216d1a72-8664-4320-bffd-84099b1f2bb4
219469,353739,jpg,2dcbf401-f339-45eb-bf23-2680fbb9fa92
464685,3527820,jpg,c10e3864-dd32-402e-8e0f-e0962356aecb
354644,390131,jpg,e8ef7924-6b0e-4ebe-a7b7-22b6ee5a09ed
321014,369485,jpg,9cf679de-35fa-4e3f-9d6c-8b577be76082
1483703,302109102,jpeg,6d186e0b-3181-45f5-b48f-b27e58779771
547124,16807426,jpg,d025315f-eefd-40a6-9ce6-9a28d8182b54
502163,4331678,jpg,2e13f32e-9436-4902-99d0-d33775c604cc
223780,207879,jpg,d1bb5960-ff37-4edd-94f5-2d663aa469cb
130304,133442,jpg,03b66bd7-6d46-46f9-a73d-d256e24136d7
469076,148468,JPG,4b3fc715-16dd-49b0-9a7c-b52d817a258b
52482,30273,jpg,e984be7b-150e-407a-a5ad-162b547ef38d
714080,51457463,jpg,55371f97-29ab-4985-aad8-f7cc80a09de6
345618,713733,jpg,a16c50a9-216a-474a-ba23-367ab91839d3
207663,29188180,jpeg,4bec1305-8c07-4099-8a70-b213cfc93c61
1042754,62369600,jpg,2be968c4-5566-4eb2-b144-cb5a92622a79
875800,42480206,jpg,1f6a725d-43e1-4d4b-abc6-cd1a57177240
371562,1085606,JPG,0ad9b713-5f4d-4ed0-930c-157c30c48086
409160,1181877,jpg,de4b698b-d93c-403a-93c9-e5af5670e53b
1136832,98241241,jpeg,b3163ce3-5768-4c58-8c26-c460a17b1b00
928217,32334289,jpeg,7cd3b545-6878-44e8-b620-54b2e73ff389
311603,40979729,jpg,91d872b2-ec00-4182-8e1c-8d6d511ab5c2
704395,15692382,jpeg,9eacae67-427f-429c-9825-20ceaa777c64
336872,2037622,jpg,1894ef74-fa44-4184-94d0-4a72db6ac1d1
874659,33048980,jpeg,4f98a30b-8fac-45a9-9cac-90d9980f584c
317685,318716,jpg,9b926397-09d3-4105-a83e-df4358c2043f
416812,1312509,jpg,4b3172ba-81b5-4625-998a-0b4474886049
546186,180244051,jpeg,cba72140-7c1d-490e-97f5-806c25b7d858
215900,799481,jpg,07e6e213-f269-4243-b47e-77f9dfc85a9e
544842,8496643,jpg,71e2a5e4-8fa4-4a66-9fec-ad32915e8e2d
466306,3021829,JPG,354703f6-8067-49dd-bb6f-c08b31e131b8
386556,94663096,jpg,40769509-6ab3-4e6c-a882-24998542e561
154661,1739377,JPG,b61b2e03-bb15-4a95-af53-672b62e72054
946646,79676276,jpeg,7d462943-0f69-4313-b352-c7a5dd408cfe
469870,2984596,jpg,70d90123-4260-440a-8d15-d4e73cb8b2e5
466429,2256922,jpg,43f76b83-cbbf-4040-a580-214a4c1a2934
522496,97345012,jpg,6852ed7a-e0fd-4c2e-9706-8434e4466596
496758,10413862,jpg,5268a885-8783-412d-8812-0e7c2aa3c741
482044,7689536,jpg,ce5c5f45-0588-4c8c-8d79-d4b70c9257a4
886900,50434330,jpg,1658b4f1-a898-4846-9824-9544af14d80c
371148,130082334,jpg,b84a14cc-8d7b-46cd-9d41-cd07c48257f8
631682,17368538,jpeg,44e566e3-095a-4525-8108-f7e84f7be255
510325,6566466,jpg,7af57f76-f2bb-4e76-b26f-d872ac36ad9f
575169,59687306,jpg,a69a70bb-f193-4125-90fb-2f3e2c978203
205758,255541,jpg,93def1c9-81b1-4eaa-8c0b-d2f109c320c6
467112,7879813,jpg,15d2c4df-240b-4eb6-8b4c-74a5b39c3232
131907,40004350,jpeg,868beb06-55f0-4878-96bd-1584bfcb8bc3
652151,118949022,jpg,a55bf781-87f3-444d-9f7d-ac643fe78911
465809,3359778,jpg,fde78f00-f068-46eb-a067-a74267805d91
546192,167942840,jpeg,c7d83ba4-6109-4e85-adf5-287cbd03cb02
469903,104731721,jpg,62005278-6614-4498-a9fb-819fcd84f8c3
223679,116931516,jpg,4c14d4fb-50f0-4fb4-b207-6dc200a2b2a6
416832,9309708,jpg,db36b58c-0e96-4b38-b690-b685a0952e9d
541400,9514074,jpeg,5b79f082-14ff-4d8c-8e50-b3f3b6c6c732
51678,15072,jpg,e720008e-dd83-46bd-881c-c5af5526be89
516997,2491855,JPG,8ed615e2-0b7c-4df7-986c-75c0dc700a55
320832,1314859,JPG,78977c35-4ccf-4bd6-8a41-f3bc7c32ad1c
1010312,158189282,jpeg,7606ed1e-f0fa-40db-9db1-66603484706e
130079,132210,jpg,680d4f91-bbb9-476b-aa2d-8b34233a6f74
363204,965222,JPG,c414c4c5-522d-4afb-9053-cc6326891e62
492662,3627118,jpg,040300f5-b7a6-40b8-8d7a-f1f216c83145
367018,1996827,jpg,63065617-609d-485b-ae13-eb6b605888b4
546075,7822038,jpg,fb8aecd9-a779-4ce8-9242-e55276be3f88
343182,803208,jpg,93dda985-227a-472c-a092-4232da96b5c2
699365,12032800,jpg,5de61b6b-cda8-46b6-877a-80835353c67c
782162,25746974,jpeg,5a9b3ed8-e46f-4b65-a80a-74355c632fc0
546195,337704105,jpg,bec80f92-4f5d-4537-bce9-703d33876e58
1046641,81932467,jpeg,74680067-cefd-4ac0-8e9d-11a4ad9648d4
470009,2165900,JPG,8039954b-f59b-4c4e-944f-4e00cc1906d9
55625,20386,jpg,69f4f9c2-640e-45e0-8b02-d724308b1dc7
715854,105521170,jpeg,5fa65954-0d04-4489-ab89-aa0ca76cca98
371954,14046293,jpeg,a2b11f98-12d5-47d5-93db-16dc9ecb87d0
470875,5958925,jpg,26bf8932-bb34-4874-b2d7-dcbc1b2674f1
522062,5932009,jpg,ff499c34-376b-4adf-a91c-c47443c2c993
354269,15413922,jpeg,0ca1ef31-4759-4781-8801-f07d76bc4d3c
408530,3449323,JPG,ddb2d016-6115-4391-8ddb-9056c09dfff7
418801,8116351,jpg,f1269f0d-44a7-48ea-b015-3eeee505303f
495627,112466814,jpeg,b45d4ce0-a2f6-4da1-bb5e-3ca798b58379
207580,258316,jpg,db87e101-47e3-4c2c-a0f2-e815d36c9459
397313,2868817,JPG,47c8c3f3-e1a9-4922-bae6-55a4d5d21ddf
123920,85903,jpg,07dddf45-e3e6-4540-8f89-bb13ea5311aa
119115,133844,jpg,01c3b4ba-b713-4d2f-9112-bf7c1c6e9d8f
67754,99534,JPG,af3706ca-8c0f-4d98-9800-5ec8c0a4d330
51781,40391,jpg,57c56c9a-587b-448f-82fc-2b66d5ef0fc1
469901,3201859,jpg,4fc04510-86bb-4c87-8368-dd88265a00d1
918509,51738179,jpeg,c0d6bd3c-1dcd-433c-8e00-bdb5786af25e
55996,251822,jpg,8fe20cea-ea48-4ad6-91dd-1c30acb03529
1050819,83736625,jpeg,95cc9d5e-2d62-420d-a03f-efc69629b8ef
125012,811272,jpg,fb62e811-a4ea-4695-b952-72ebdc128275
320043,350348,JPG,88f0ca05-5507-493a-9bc6-1b5b76064d38
1028510,263444366,jpg,8f84047e-a2ad-496c-bb36-0faf58a803fa
1093084,82116994,jpg,8c26c397-e141-4b19-839c-e0aff7d0674d
625003,941971,JPG,78ae7532-ef42-48b4-8c32-6df28746728e
1013279,138857328,jpeg,c3c20dbd-18f2-42ef-85a4-e4880e641ba8
208983,716518,jpg,dc0598e7-4db5-4ccf-8d9a-2e51b9e8c702
330588,3995040,JPG,1740c97c-552d-411a-97e1-500e2bfb07b1
1000393,103792509,jpg,54ad3b27-e454-4818-aba8-40bd1d7a2782
122223,486109,jpg,a7c062a8-544f-4f43-b570-cd41da9fce8d
988528,90900558,jpeg,21e092a1-be1c-4d94-8d06-0de98ee8eaf0
1021956,131211260,jpeg,02faef54-7202-40b1-856a-7b2f98280c6d
554915,12423125,jpg,f9634dd3-9f36-4a5b-b08e-0c3ac75d962e
224958,166744,jpg,4cc4b65a-0c68-49a5-8645-b29c4819c294
909567,6035728,jpeg,8410a91b-292e-4f76-8745-201fb8f71c54
546156,12396389,jpg,53237a32-bdbc-42cc-a617-222528973eac
216840,2699036,jpg,800d9516-3af6-477c-8df6-9f346df6776f
552209,12260581,jpg,0c9efffc-1287-486f-9f3f-ffb51ca357c3
786709,261285313,jpg,e9feb749-f063-4ca7-98cc-47c5a331db42
336380,571249,jpg,8e5443c3-6a25-471d-9a83-ace04dc7ffd9
357358,873573,JPG,440f9f5f-5274-4b3a-97cd-44729d4bbff4
490950,7739358,jpg,685baec1-a244-4014-b659-d131fe51b1f3
361066,954129,JPG,a800e68a-0314-4fd3-8a0c-648f2c88f9ed
494431,3014652,JPG,329f5db1-13fd-4105-bfb9-5aa01ac5f955
672699,79284349,jpeg,9f18ef27-95ba-408d-ac6a-8963a1127d30
566486,44115130,jpg,9e47c2a3-c032-4c45-acba-805785ed627c
245656,336680,jpg,979daa6c-05e0-4011-9c30-6b2610d70eb8
520746,335273019,jpg,7c469ec9-43fd-478f-be64-7dfdb8fde911
959859,80723023,jpeg,18ada002-1238-49d2-8f76-ba7e053e93bb
846057,111337649,jpeg,8b81c5a7-784a-4990-986f-f0b4848d574a
462042,1807853,jpg,b673f1c0-70ce-4b51-8945-365ac75a9319
460538,28994093,jpg,233cceb0-be38-4d99-9d17-02345708a685
630613,13909682,jpg,1839f42b-e84c-4347-9612-53628da3f7dc
326643,33424290,jpeg,aea4bdfb-fd7e-4db6-9e86-0a7dab667144
549581,8408065,jpg,ffe66d6f-483b-4ef9-9ca7-e4f04b814ca8
1082441,79542499,jpeg,443046ff-6b98-4881-a079-8876c68da4a1
546206,8634283,jpg,a9f94e6f-3dcf-46ce-9d69-21aada347631
203388,12875459,jpg,fc3358b5-49c9-4421-bb58-29e03a73528a
232456,66545163,jpeg,d9012454-6d52-48bd-94ea-35f57295808b
525998,14046489,jpeg,252c76fc-3e45-478b-8c67-353bfbac78c5
358064,1089009,JPG,79943d2a-3a9b-4256-a580-9ca2421f0e4d
129431,333353,jpg,209d7847-7b8e-4625-bb20-335071f8abba
1000980,205859637,jpeg,2d9507ea-b0c2-4981-8bf2-50cfbf6fb405
1421375,237694936,jpg,ecdcccb3-a9f6-4911-94a2-3a4a8169d94e
1050581,175298228,jpeg,d2d51f9e-41bc-4f67-b565-449f0f24ba39
362340,6892309,jpeg,d476a489-7fe9-44a5-8e0c-051d1ba90a7f
900202,41905111,jpg,db35b89a-ea58-4f87-bcd0-a091411aa4b8
360718,2788105,JPG,9322255d-c4d9-4fb0-a7a1-c5c20f6dbe87
781018,172394915,jpeg,9c77ebbb-8d57-4a64-af2b-fb5078c7469b
546250,217789445,jpeg,844079d8-a20e-461e-aac9-ee79e4fb5c64
212218,2719011,JPG,0187ff1b-1960-43d0-b542-10b5daaeca1a
783413,12639866,jpeg,1c781ce4-6955-4b90-b8a1-5409f83bb608
55651,9392,jpg,a0a9fd6a-b82d-443e-af5e-e37f35a5db13
578745,31154793,jpg,ccb6250d-3070-4fe5-8b41-47560906f3bd
547575,9009959,jpeg,30ee118c-5dcc-4290-8e7c-7e8528fd423e
733188,17525626,jpg,1077a1ab-f0a9-4ad4-9457-645992e35c2a
554039,4866311,jpeg,60167299-acb6-4f2e-874b-261026b716f4
58484,43482,jpg,f57f2558-9cf0-4586-b699-f20d7f8cca86
547802,11715862,jpeg,efe36676-de11-4551-a2bd-cba075e6b50f
82463,412717,JPG,564023b6-7d90-4231-85db-4de9d6bed9f6
213088,282124,jpg,ac60f9cb-c051-4153-bb26-f32f748eec31
502346,4345478,jpeg,76c82e58-95f0-41ed-8409-a84e691cfbb0
355086,27523896,jpg,5823ded6-a6d4-47c7-893d-c121530a7722
1241304,129869754,jpg,217dd3b8-4fa7-4439-8653-502a7db1e58e
871564,18620890,jpeg,707ab284-7f1d-4fe7-a9f6-6d2a50167f75
874749,1072862,jpg,72a14b66-eb08-433c-b600-0766da5c3b04
57454,1848025,jpg,604f8910-7692-4da4-b7d3-aa471653fc14
781044,128572031,jpg,39289de6-41b6-4a69-925c-d45619db0de1
389008,769096,JPG,502e3858-b8da-4696-aafe-15e46d61e649
992267,62377786,jpeg,412dcc2e-7823-4e89-b7c2-21ac092f04e3
1001053,98871738,jpg,4dc12341-ff07-41a2-a0d7-2f823767566c
899951,50823948,jpeg,0353a29c-5acc-473a-b2d2-b6a710b24537
176492,3639524,jpg,4794b3c7-cd90-4fa0-9a9c-d6d84d5fb44f
468913,651922,jpg,cb04e0c5-3a61-4613-bb8d-2472c76c9944
52402,65014,jpg,5c278c43-ca7d-4b3c-9b50-95dd45f5a406
877307,33153692,jpg,288b88f3-4542-4de0-b6f1-313a94cc4b8a
51666,13822,jpg,5cd7f305-e68c-447b-93ec-2fb8aeb8dd35
62749,149406,jpg,ce151af5-9b2d-4e39-97af-4cdd1282c242
903435,64689683,jpeg,743617c1-9b33-44d3-a480-4122e1f7e58e
788865,176383930,jpeg,4e3c4781-e873-4a38-8086-e3f67a42a0ee
779369,125092797,jpg,3b481971-0f86-46f8-8f75-36e76d45010c
85388,269626343,jpg,7ab7bb2d-9765-4bb7-8499-5b98611472d2
774875,90745939,jpg,db4f870e-5b5d-4c4d-9a42-497b10c6e1be
498536,67869799,jpeg,072dc02f-7ec6-479c-84d4-e50f6883a153
678727,104349657,jpeg,28ee055e-e965-4387-983e-1358a14c9f30
1370013,169010116,jpg,cf21d368-5f7b-46ae-b53c-d6729affee45
61972,88057,jpg,9db11028-fe84-45bb-9fd5-c01eed14cc02
482056,41472129,jpeg,195319ba-2725-4def-a4a0-2b682dfe457f
482058,32749119,jpg,57e83d28-439d-4dca-8d9f-d4b7fc00048d
527576,216577,jpg,79cf3443-1a12-42f6-a6ea-afd7adb2de38
61293,296190,jpg,baf67a22-77ed-4dea-83a3-3403c99bb43a
905054,118393015,jpeg,c3444e80-f68a-4ad4-86e1-9c6fb19a939f
347430,2617844,jpg,df127b38-8ee1-4dc0-ad57-a69e52ad4f8c
213962,448199,jpg,6ca608d3-1b27-4fde-aa21-1eef369b12d7
127757,522713,jpg,222343dc-8640-48a0-af31-748c208c99cf
153855,717389,JPG,6434cc6f-9991-4f36-87a6-8019beba1859
899412,11917521,jpg,7b0498fa-68f0-4478-958f-c4345978f54f
460842,734222,jpg,529f38d2-9fcf-425e-96c9-286b0f2cab40
1346799,8288425,jpeg,e122e322-7f34-4838-b5da-c206f5ea01ef
336013,933953,JPG,2cceac3a-feae-4391-b5b2-c52f1b992769
1081696,73522251,jpeg,430a66e9-4cb3-4480-957e-1571d1206eaf
52771,17369,jpg,14dc5f72-1272-4943-842c-8134cac529bf
510333,104837150,jpg,a3b9a61d-ada6-4f0c-942a-47dbd564e671
121778,133133,jpg,7e4317d8-bbed-4d81-8029-dcedf9622cf6
703009,14963002,jpeg,3d54eb33-352a-4a34-b13d-1afbcba75186
451405,2029548,JPG,55814d73-b475-4828-81da-f56c3de1fc21
495405,3678465,jpeg,ade1e6a6-c6a6-4de7-90ea-0425ae02574b
203472,53113213,jpg,a2fed909-6de6-4fb6-8e6b-ea6a81bd4e05
522736,30364755,jpg,a7564cee-4e2f-4a05-a7fa-2bab5fc7481f
322842,406809,jpg,0c65bc04-820a-43ae-aeeb-5dec3afea08f
54327,331243,JPG,bc439300-888c-4a9d-b354-01b7a0c452d2
708957,48345974,jpg,f5bd3f40-d405-41c3-a7dd-077093f5900a
1045768,63358835,jpg,dc1b5d37-66b2-474e-adba-89545522e710
226718,311962,jpg,ff853763-c3af-4810-9349-0167457d207f
55655,9396,jpg,6cce83a2-d2a8-4be1-814a-9f15061e8cee
367431,1093999,jpg,8df9d117-f72a-4ae7-80e7-5182c8919420
1284618,237023974,jpeg,36d350d5-aa52-48ed-b2d2-7cbf28264347
126264,1348406,jpg,ed5385b1-da28-4e34-a604-167880ac1b97
971799,211479668,jpg,5d88ecf7-4cd1-4b4f-b164-ef1c45244edc
1392311,29867080,jpeg,d3264e3f-0513-4ac5-bbee-8b51cc77e93c
518555,55353803,jpg,3af533aa-4549-461a-aac1-a3ca7032eaef
326052,151106,JPG,e7d6b1e7-46ef-4580-80b2-9ebc9b4247ff
522490,4868287,jpg,6bec5d9a-20b7-492a-8a61-de4120ae8160
547128,20992495,jpg,c045d610-6c3a-4ae6-89ef-ecdaf0bf4221
786739,103350621,jpg,99a0e69f-f61a-4cc2-9e2e-76bb469f35a8
483083,2674426,jpg,7ca1b38e-487d-4f44-9f72-1b89403e187e
318779,19096886,jpeg,deea44fb-a5d9-4ddb-960b-5aa1ba0539ff
307433,93381806,jpeg,022fa3e0-7712-4d84-bdd6-1af30c27d0ba
205154,252260,jpg,adc545a7-3db5-4ab0-83dd-ed4b09c990dc
211626,3012978,jpg,5e8c1ca5-c055-4eae-be6f-98af43337ab2
209594,56859,JPG,ad432dfd-04b7-4767-82fb-be19bc8a2869
461120,912944,jpg,862fd958-9efe-479d-a1a7-d61c8f074b9a
70404,30647,jpg,9d510634-1774-4bdf-9113-b99486f1ba40
337544,373761,jpg,480036d3-4f62-4242-91e6-7a019d81c9f7
207543,257981,jpg,35270ea4-24e0-4b05-9164-b52c0c8c7a6c
225234,156001380,jpg,e9c0cf1d-3fb3-4677-b9b4-3ef8d6930020
325933,459692,jpg,df12a1bb-5ba3-4e8b-8f3d-dde571e6cbbb
1046738,56799906,jpeg,7c4b10f4-4eec-4d37-9db4-64011c020f15
53258,1038154,jpg,c555e5aa-809d-4d34-884a-cf87038880de
554158,24572471,jpg,8ddbce35-8a55-471d-b40c-8fa6ee064dde
131986,7722997,jpeg,d2fcdb50-a140-40e8-835c-e8fe76972d7a
157990,190403,JPG,6e0425b1-f87a-4f6d-9471-4724f24bbe48
704797,15878605,jpg,cb8a6c39-9baa-406e-8a8a-ab02b2657c30
125099,1659506,jpg,525b4d2e-c476-43f0-a127-6382f7137179
230924,3808846,png,2810f2c7-2f47-4621-91c8-583867001fcf
861112,42868324,jpeg,e2e23c0f-85b1-49ed-ab12-476f3cfdbfcf
387751,6160975,jpg,3c2f1d4a-05f9-4093-8c63-f14637f58be9
575707,179486374,jpeg,50df1b34-5ae8-439e-9c20-59bd5d546aed
322036,329860,jpg,df768ded-e087-4ff2-b078-9ab03e7c0c0b
507471,9133396,jpg,96c8c005-c482-4ee3-a971-1b0bcf9e6936
325568,449608,jpg,ab3dcbca-34bf-4234-bcd3-ba969dfa263a
60919,20492189,jpeg,39be97fc-42b3-4bb8-be1d-d78cb0136876
1039644,107415906,jpg,f9b5cac2-89fb-40a0-89a8-e64869365fd0
546262,82320053,jpeg,0081e54f-ed5d-46d5-91b8-b61e8d116b87
389677,230623986,jpeg,56e4363d-c35e-4bc0-8517-b1b72ed3b131
482031,184998500,jpeg,f46d4580-1a32-441b-879e-6263853b22b0
359917,938098,jpg,7f5f8dd4-c34b-4804-a32b-82fd81df7c28
70205,30337,jpg,4fc03480-daf4-4edd-bcce-ebdf0b721260
472067,44599236,jpeg,2f357012-a77a-4197-89c5-ffb0eb7d89bf
507360,104485746,jpg,e3190eb7-ff39-4782-9827-416e46d66d75
469582,45825006,jpg,94d33402-b268-4cd5-8825-f89d11ec56d4
778439,24807715,jpeg,1050332c-87d5-4186-be0e-00f6da9c65ef
525941,102219677,jpg,9b239f28-6f32-4587-8239-b58b9075cc2f
713061,204978942,jpg,091c0dd0-feb1-4d88-812f-2332b15ea5c7
320607,68088,jpg,82ba8855-8bee-4540-8f1a-ca7bb67129a3
219195,461703,JPG,78cbbe10-2ea3-4e87-9d4b-c726729a1cb1
1204585,75743819,jpg,8b577120-c1b6-4d40-87b3-371eb16f0ad2
218886,29718664,jpg,dbac9b6d-1f60-432f-8f0a-214d1adde44f
1200260,232092859,jpeg,3f7b7e07-7ee9-4a03-9c46-ee6520c5f3ad
627171,31099291,jpg,1fa8e87c-971c-4dcc-840a-966ea670ad62
1110969,53113343,jpeg,f08db1ad-dff9-40b9-8c03-542c2a7767a5
336918,578496,jpg,556efa5d-41db-4e90-8c65-f2cbb083e830
472363,30332,jpg,f267ea24-1c62-45f2-a55d-ce59b4922018
735025,18729515,jpg,27a897a4-66ab-447c-a05b-51b91346edd3
479772,2594798,jpg,de39448a-1b6b-48ad-9bde-fefecff3142b
451406,2029570,JPG,da4e64a6-932e-4de6-80b5-218c3ea977d7
701940,14586222,jpg,583c2ba6-3530-40e0-b8d6-ba57b4c3d66b
408396,112263838,jpg,ae1ca824-a2f2-4e05-8ed7-e789e80361a3
458145,9832203,jpeg,f81597e2-c025-4a27-a6c1-f5c7162c2c4d
466417,5448857,jpg,48e1e42b-079b-4bdd-b4c1-16f8657074b8
55359,8912,jpg,a25f62f3-9b1e-4ddf-9288-5d4ba01def83
734872,20093194,jpeg,e4c29f1c-5d39-47ab-b9db-096a08c9a872
504051,4556139,jpg,d7a8ecf3-677e-4ff3-95cc-e4631dd3b471
322132,388858,jpg,fc1e093f-80b3-43f2-88a2-59cf18074c6a
993479,176664646,jpeg,ce3bc51a-57cc-4827-8c3b-431c0ede75f7
475530,180243727,jpeg,77d54809-edfd-4a09-81b3-f2b01ea632a6
464052,1840626,jpg,b9c8a53d-6ff3-4929-8872-d4e583172e86
522514,48594189,jpeg,4ef12bf3-bede-4fcd-bc73-e0d048fe0da5
705936,3657047,jpg,5d472bdd-4fd7-417c-8b0c-550f4e536cdc
60938,104695313,jpeg,97b6464b-0870-4abf-8d76-48deb19acf5a
896136,40811096,jpg,b92f1634-661c-44b0-bb16-c4f563bd7e48
130787,664363,jpg,e0af18c8-b33e-4d0f-872c-0b640f20c2b9
1429208,244539580,jpg,eeb79f43-b296-46bc-bb70-a94959437516
546130,11730782,jpeg,699e5b16-7d96-47fd-916a-bdfd586b7ed8
205224,252937,jpg,ad3e0338-406d-4cfd-b2e2-f918cea65d6a
466503,2262258,jpg,bcd6a761-b03c-453b-9fc8-aad9aa384583
888158,2838131,jpg,38346920-e53f-420a-8498-49c8ff5a9c80
494606,20990998,jpeg,a8184295-4a10-4557-829e-1c57393584e9
363434,1028028,jpg,06c40d97-40a8-4f22-b25a-740730bd4a18
988148,323915517,jpg,8f2665f4-7334-4412-8634-3ee4d37c8017
502421,113982035,jpg,20ceb276-a41b-4925-b2fb-8ab3506af77b
338531,2162205,jpg,c8e79869-83b7-4e2d-bcd1-9978266f0c59
326910,575283,JPG,56263371-b24e-4167-bd77-1b1975c4635c
779774,10380181,jpeg,c186cce3-8b42-4a3e-a8ef-cb9ed79740c7
52043,21242,jpg,f2cd92e5-47ae-4bbe-9b8a-434cbc31660b
336036,8389097,jpg,fe2bbb39-322f-4320-bedb-69bf0b53e31e
631392,10665599,jpg,a95c1288-5a06-4236-9a62-7a54ed7fa23d
460537,2030748,JPG,71a611e8-a34e-4371-b64c-4b507fa71b95
546151,8631587,jpg,38a7603e-d076-449c-8183-3122e123b286
207977,10598,jpg,ff669752-256f-4f4c-b9d6-32e20411e8fc
465722,220762694,jpeg,c47ec1c5-3f5f-4db9-9ad6-5f2ff164ff30
313031,10008295,jpg,2e45481b-ccbe-42d5-9f5b-392313ec4ca4
491254,3246144,JPG,bca1d823-0d59-486d-9fdf-6be1856e0e4d
232017,344845,jpg,1d83f431-92fe-4583-aa48-1fbb07032775
522757,25690010,jpeg,2804a110-9dc9-46a1-b392-828f17951d8e
333243,1971149,jpg,5d46f4e1-384a-4f6b-a2cc-3c121842c13d
783396,48707190,jpg,0d39cbef-059d-47cd-9c4d-04d0dfcf6e79
